# 1: Tile name,# 2: Right ascension (degr,# 3: Declination (degr,# 4: Filter,# 5: Date (start of observation,# 6: Average PSF FWHM (arcsec),# 7: Average PSF ellipticity,# 8: Limiting magnitude (5 sigma,# 9: 98% completeness (mag),# 10: Average effective gain,# 11: Quality grade
KIDS_43.7_-30.2,43.706,-30.17,g,12/21/14 03:51 AM,1.1,0.03,25.28,24.04,1.71E+13,B
KIDS_52.3_-33.1,52.277,-33.137,r,11/18/12 05:56 AM,0.71,0.05,25,23.99,2.90E+13,C
KIDS_332.0_-31.2,332.039,-31.159,u,10/24/14 01:08 AM,1.05,0.04,24.1,22.95,3.21E+12,B
KIDS_45.1_-33.1,45.149,-33.137,u,11/08/12 05:28 AM,0.99,0.03,24.21,23.05,3.41E+12,B
KIDS_218.0_-0.5,218,-0.5,g,04/14/15 06:55 AM,1.01,0.06,24.87,23.73,1.60E+13,A
KIDS_344.9_-31.2,344.854,-31.159,i,11/10/11 03:04 AM,1.05,0.04,23.41,22.17,1.34E+13,B
KIDS_217.0_1.5,217,1.489,g,05/13/15 05:35 AM,0.69,0.05,24.99,23.98,1.56E+13,A
KIDS_218.0_-0.5,218,-0.5,i,03/24/13 06:11 AM,0.62,0.06,23.84,23.01,1.35E+13,B
KIDS_180.5_-2.5,180.501,-2.478,g,04/19/14 12:44 AM,0.9,0.04,25.11,24,1.71E+13,B
KIDS_173.0_-0.5,173,-0.5,r,04/09/13 04:18 AM,0.61,0.05,24.89,23.97,3.17E+13,A
KIDS_218.0_-0.5,218,-0.5,r,04/28/14 04:09 AM,0.58,0.06,24.9,24.1,3.13E+13,B
KIDS_211.6_-2.5,211.588,-2.478,u,02/25/15 08:44 AM,0.92,0.05,24.09,22.97,3.07E+12,B
KIDS_221.0_-0.5,221,-0.5,g,05/14/15 05:53 AM,0.7,0.06,25.08,24.04,1.62E+13,B
KIDS_0.0_-33.1,0,-33.137,r,09/26/14 01:45 AM,0.63,0.04,24.94,24.02,2.77E+13,A
KIDS_175.5_2.5,175.487,2.478,i,12/29/12 07:02 AM,1.08,0.07,23.46,22.24,1.37E+13,B
KIDS_210.6_-2.5,210.585,-2.478,i,06/08/12 04:45 AM,0.86,0.04,23.56,22.47,1.27E+13,C
KIDS_1.2_-32.1,1.176,-32.148,i,10/05/11 02:31 AM,0.56,0.05,23.94,23.03,1.36E+13,B
KIDS_175.5_2.5,175.487,2.478,g,05/10/15 11:56 PM,0.89,0.06,25.17,24.05,1.73E+13,A
KIDS_339.8_-33.1,339.802,-33.137,u,08/31/11 03:23 AM,0.89,0.04,24.33,23.23,3.46E+12,B
KIDS_346.2_-30.2,346.198,-30.17,r,07/20/14 06:02 AM,0.51,0.05,25.07,24.33,3.10E+13,B
KIDS_37.2_-34.1,37.2,-34.126,r,11/25/14 02:59 AM,0.85,0.05,25.19,24.14,3.18E+13,B
KIDS_175.5_2.5,175.487,2.478,r,04/22/14 12:39 AM,0.64,0.05,24.88,23.96,3.01E+13,B
KIDS_339.8_-33.1,339.802,-33.137,r,09/30/14 12:54 AM,0.76,0.04,24.85,23.84,3.03E+13,B
KIDS_346.2_-30.2,346.198,-30.17,i,07/01/12 05:20 AM,0.74,0.05,23.39,22.36,1.29E+13,C
KIDS_236.0_-0.5,236,-0.5,u,05/06/14 06:27 AM,0.83,0.04,24.14,22.77,3.27E+12,B
KIDS_340.8_-34.1,340.8,-34.126,g,05/07/14 08:52 AM,0.65,0.06,24.94,24.03,1.62E+13,A
KIDS_210.6_-2.5,210.585,-2.478,g,03/25/14 06:38 AM,0.68,0.05,24.76,23.69,1.67E+13,B
KIDS_234.0_-0.5,234,-0.5,i,07/16/14 02:42 AM,0.7,0.05,23.68,22.67,1.34E+13,B
KIDS_237.0_-0.5,237,-0.5,r,04/09/13 08:57 AM,0.82,0.04,24.77,23.72,3.15E+13,A
KIDS_339.3_-30.2,339.297,-30.17,u,10/22/13 12:42 AM,1.01,0.04,24.25,23.09,3.50E+12,A
KIDS_340.0_-32.1,340,-32.148,i,05/01/15 08:33 AM,1.23,0.06,23.73,22.4,1.24E+13,B
KIDS_217.0_-1.5,217,-1.489,r,04/03/14 06:02 AM,0.6,0.05,24.88,24.01,3.23E+13,A
KIDS_237.0_0.5,237,0.5,g,07/11/13 03:58 AM,0.95,0.04,25.1,23.92,1.61E+13,B
KIDS_340.8_-34.1,340.8,-34.126,r,07/21/14 07:42 AM,0.92,0.05,25.08,23.92,3.19E+13,A
KIDS_47.5_-33.1,47.525,-33.137,u,11/20/12 05:47 AM,0.95,0.03,24.08,22.86,3.31E+12,B
KIDS_138.4_2.5,138.384,2.478,i,05/08/12 01:31 AM,0.94,0.05,23.29,22.06,1.31E+13,B
KIDS_182.5_2.5,182.507,2.478,i,01/24/13 06:04 AM,0.71,0.06,23.63,22.65,1.37E+13,B
KIDS_182.5_2.5,182.507,2.478,g,02/16/15 05:06 AM,0.85,0.05,25.14,24.12,1.70E+13,B
KIDS_175.0_0.5,175,0.5,i,06/29/14 12:24 AM,0.9,0.05,23.82,22.68,1.34E+13,A
KIDS_37.2_-34.1,37.2,-34.126,u,01/09/15 12:50 AM,1.11,0.03,24.25,23.1,3.45E+12,B
KIDS_215.0_-1.5,215,-1.489,i,03/24/13 07:41 AM,0.78,0.05,23.96,22.96,1.35E+13,B
KIDS_182.5_2.5,182.507,2.478,r,04/23/14 02:27 AM,0.81,0.05,24.85,23.84,3.11E+13,B
KIDS_238.0_1.5,238,1.489,i,03/17/14 08:49 AM,0.9,0.05,23.3,22.15,1.24E+13,B
KIDS_220.6_-2.5,220.613,-2.478,r,04/09/13 05:41 AM,0.74,0.06,24.89,23.91,3.21E+13,A
KIDS_348.1_-33.1,348.119,-33.137,g,08/01/14 05:58 AM,0.84,0.04,25.23,24.1,1.70E+13,A
KIDS_158.0_0.5,158,0.5,u,01/17/15 06:13 AM,1.23,0.04,24.18,22.78,3.04E+12,B
KIDS_214.6_2.5,214.596,2.478,i,02/25/13 05:31 AM,0.8,0.06,23.24,22.19,1.36E+13,B
KIDS_233.0_-0.5,233,-0.5,r,07/17/15 02:10 AM,0.7,0.05,25.12,24.11,2.97E+13,B
KIDS_158.0_0.5,158,0.5,r,01/16/15 07:33 AM,0.65,0.05,25.09,24.2,3.14E+13,A
KIDS_158.0_0.5,158,0.5,g,12/25/14 07:08 AM,0.8,0.04,25.11,24.08,1.69E+13,A
KIDS_233.0_-0.5,233,-0.5,g,07/19/15 02:29 AM,0.76,0.05,24.48,23.43,8.62E+12,B
KIDS_217.0_-0.5,217,-0.5,r,03/13/14 08:34 AM,0.61,0.05,25.04,24.2,3.20E+13,A
KIDS_219.0_0.5,219,0.5,u,06/16/12 02:10 AM,1.08,0.03,24.12,23,3.31E+12,B
KIDS_187.5_-2.5,187.521,-2.478,u,03/25/14 04:38 AM,0.77,0.05,24.2,22.87,3.40E+12,B
KIDS_336.5_-32.1,336.471,-32.148,r,06/19/15 09:03 AM,0.71,0.05,25.04,24.07,2.93E+13,B
KIDS_219.0_0.5,219,0.5,i,07/12/14 01:24 AM,0.9,0.05,23.51,22.41,1.35E+13,C
KIDS_335.5_-31.2,335.534,-31.159,i,06/01/12 05:54 AM,0.82,0.07,23.53,22.57,1.28E+13,B
KIDS_213.0_0.5,213,0.5,u,03/07/14 06:55 AM,1.05,0.04,24.13,22.88,3.32E+12,A
KIDS_336.5_-32.1,336.471,-32.148,g,05/21/15 07:29 AM,0.99,0.06,25.1,23.92,1.65E+13,B
KIDS_48.7_-33.1,48.713,-33.137,u,01/24/12 02:20 AM,1.15,0.03,24.28,23.22,3.10E+12,B
KIDS_219.6_2.5,219.61,2.478,r,08/02/13 11:47 PM,0.75,0.05,24.78,23.79,3.08E+13,C
KIDS_183.5_-2.5,183.51,-2.478,r,03/01/14 04:42 AM,0.73,0.06,24.88,23.87,3.15E+13,A
KIDS_335.5_-31.2,335.534,-31.159,u,08/21/14 03:05 AM,0.95,0.03,24.34,23.1,3.40E+12,A
KIDS_352.9_-33.1,352.871,-33.137,r,07/16/13 06:39 AM,0.79,0.08,25.08,24.21,3.16E+13,B
KIDS_357.7_-31.2,357.67,-31.159,u,08/03/14 06:30 AM,1.01,0.04,24.32,23.21,3.29E+12,B
KIDS_183.5_-2.5,183.51,-2.478,g,01/20/15 08:03 AM,0.89,0.04,25.13,24.02,1.74E+13,A
KIDS_357.6_-33.1,357.624,-33.137,r,09/26/14 03:01 AM,0.7,0.05,25.01,24.05,2.82E+13,B
KIDS_211.0_0.5,211,0.5,r,07/20/14 11:27 PM,0.58,0.05,25.01,24.18,3.15E+13,A
KIDS_45.1_-33.1,45.149,-33.137,g,01/01/14 03:19 AM,1.11,0.04,25.27,24.05,1.71E+13,B
KIDS_233.0_0.5,233,0.5,r,07/18/14 01:16 AM,0.74,0.04,25.06,24.07,3.07E+13,B
KIDS_174.5_-2.5,174.485,-2.478,u,02/01/14 05:54 AM,0.91,0.04,24.2,23.16,3.27E+12,A
KIDS_45.4_-31.2,45.437,-31.159,r,12/27/13 02:49 AM,0.63,0.04,25.19,24.27,2.95E+13,A
KIDS_340.0_-32.1,340,-32.148,g,09/16/11 12:24 AM,0.8,0.05,25.1,24.1,1.71E+13,B
KIDS_44.0_-33.1,43.96,-33.137,i,12/16/11 05:26 AM,0.73,0.05,23.57,22.58,1.28E+13,B
KIDS_178.5_2.5,178.496,2.478,r,03/27/14 03:38 AM,0.66,0.06,24.79,23.92,2.97E+13,A
KIDS_174.0_-0.5,174,-0.5,i,07/05/12 11:27 PM,1.06,0.04,23.76,22.52,1.34E+13,B
KIDS_174.5_-2.5,174.485,-2.478,g,01/27/15 07:08 AM,0.84,0.05,25.14,24.01,1.63E+13,B
KIDS_178.5_2.5,178.496,2.478,g,01/27/15 07:56 AM,1.17,0.05,25.1,23.76,1.61E+13,B
KIDS_52.3_-33.1,52.277,-33.137,g,12/23/14 04:05 AM,0.96,0.04,25.2,24,1.70E+13,A
KIDS_213.0_-0.5,213,-0.5,r,07/07/13 01:55 AM,0.7,0.04,24.83,23.84,3.08E+13,B
KIDS_46.8_-34.1,46.8,-34.126,g,12/08/13 04:03 AM,0.91,0.05,25.2,24.07,1.76E+13,B
KIDS_349.4_-32.1,349.412,-32.148,i,10/03/11 06:40 AM,0.91,0.05,24.12,22.97,1.34E+13,B
KIDS_221.0_1.5,221,1.489,g,05/13/15 06:22 AM,0.8,0.06,24.79,23.7,1.53E+13,B
KIDS_225.0_-0.5,225,-0.5,g,07/16/15 02:30 AM,0.87,0.06,25.08,23.94,1.54E+13,B
KIDS_339.8_-33.1,339.802,-33.137,i,09/16/11 04:39 AM,0.77,0.08,23.89,22.82,1.38E+13,B
KIDS_1.2_-32.1,1.176,-32.148,r,09/29/14 03:36 AM,0.67,0.05,25.02,24.09,3.03E+13,B
KIDS_343.9_-30.2,343.898,-30.17,u,10/27/13 12:09 AM,0.99,0.05,24.15,23.03,3.52E+12,B
KIDS_330.9_-31.2,330.874,-31.159,r,06/19/15 08:24 AM,0.66,0.05,25.05,24.14,2.96E+13,B
KIDS_236.0_0.5,236,0.5,i,03/12/14 07:21 AM,0.74,0.05,24.03,22.97,1.27E+13,B
KIDS_330.9_-31.2,330.874,-31.159,i,08/22/12 02:29 AM,0.84,0.07,24.23,23.18,1.31E+13,B
KIDS_1.2_-32.1,1.176,-32.148,g,06/24/15 08:32 AM,1.05,0.05,25.16,23.99,1.65E+13,A
KIDS_211.0_-1.5,211,-1.489,u,03/26/14 05:01 AM,0.86,0.05,24.14,22.99,3.15E+12,B
KIDS_137.4_2.5,137.382,2.478,i,05/06/12 12:01 AM,0.65,0.07,23.32,22.39,1.34E+13,B
KIDS_356.5_-32.1,356.471,-32.148,r,07/20/14 07:17 AM,0.66,0.04,24.99,24.06,3.10E+13,A
KIDS_177.5_-2.5,177.493,-2.478,i,01/26/13 04:43 AM,0.98,0.05,23.42,22.32,1.34E+13,B
KIDS_356.5_-32.1,356.471,-32.148,g,12/23/14 01:00 AM,1.09,0.05,25.06,23.87,1.66E+13,A
KIDS_134.0_1.5,134,1.489,g,03/09/14 05:06 AM,1.19,0.05,24.94,23.65,1.50E+13,B
KIDS_181.0_-0.5,181,-0.5,u,03/16/12 06:06 AM,1.13,0.03,23.88,22.66,3.12E+12,B
KIDS_33.3_-33.1,33.267,-33.137,r,11/19/12 03:27 AM,0.69,0.04,25.03,24.1,2.99E+13,A
KIDS_232.0_0.5,232,0.5,r,03/28/14 08:46 AM,0.67,0.06,24.92,23.98,3.03E+13,B
KIDS_232.0_0.5,232,0.5,u,05/19/15 04:24 AM,0.96,0.03,24.28,23.02,3.36E+12,A
KIDS_46.8_-34.1,46.8,-34.126,r,09/29/13 08:14 AM,0.73,0.05,24.95,23.92,3.07E+13,A
KIDS_40.4_-33.1,40.396,-33.137,i,02/21/13 12:38 AM,0.99,0.05,23.66,22.44,1.35E+13,B
KIDS_134.0_1.5,134,1.489,r,01/28/14 04:34 AM,0.84,0.04,24.98,23.87,2.95E+13,A
KIDS_181.0_-0.5,181,-0.5,i,02/13/15 08:21 AM,0.76,0.05,23.93,22.98,1.28E+13,B
KIDS_51.8_-32.1,51.765,-32.148,r,12/27/13 02:05 AM,0.79,0.04,25.24,24.18,2.95E+13,B
KIDS_48.3_-30.2,48.307,-30.17,u,11/28/11 05:48 AM,0.93,0.04,24.04,22.74,3.05E+12,B
KIDS_185.5_2.5,185.515,2.478,r,04/28/14 02:16 AM,0.55,0.05,24.91,24.11,3.14E+13,B
KIDS_48.3_-30.2,48.307,-30.17,r,11/18/12 05:13 AM,0.55,0.05,25.05,24.3,2.93E+13,A
KIDS_348.1_-33.1,348.119,-33.137,r,09/03/14 06:58 AM,0.65,0.05,25,24.14,3.14E+13,A
KIDS_34.8_-34.1,34.8,-34.126,r,10/01/13 03:25 AM,0.77,0.05,25.06,24.13,3.04E+13,A
KIDS_40.8_-31.2,40.777,-31.159,u,08/13/13 09:21 AM,1.01,0.04,24.34,23.17,3.49E+12,B
KIDS_211.6_-2.5,211.588,-2.478,i,01/28/13 07:44 AM,1.09,0.05,23.52,22.26,1.30E+13,B
KIDS_217.0_1.5,217,1.489,r,05/11/15 03:15 AM,0.53,0.05,24.9,24.05,2.96E+13,A
KIDS_210.6_2.5,210.585,2.478,i,07/07/12 02:20 AM,0.68,0.06,23.54,22.6,1.30E+13,B
KIDS_358.8_-32.1,358.824,-32.148,i,06/03/12 08:35 AM,0.93,0.05,23.6,22.45,1.26E+13,B
KIDS_350.5_-33.1,350.495,-33.137,i,07/11/14 07:08 AM,0.68,0.04,23.66,22.63,1.37E+13,B
KIDS_234.0_0.5,234,0.5,i,02/13/14 07:51 AM,1.29,0.05,23.66,22.3,1.33E+13,C
KIDS_186.5_2.5,186.518,2.478,r,05/30/13 11:56 PM,0.63,0.05,24.93,24.08,3.13E+13,A
KIDS_343.2_-34.1,343.2,-34.126,r,06/22/14 08:15 AM,0.86,0.04,24.99,23.87,3.14E+13,B
KIDS_50.6_-30.2,50.607,-30.17,u,10/23/14 07:28 AM,1.11,0.03,23.99,22.65,2.90E+12,A
KIDS_357.7_-31.2,357.67,-31.159,g,06/19/15 07:59 AM,0.84,0.04,25.12,24.05,1.62E+13,A
KIDS_336.2_-33.1,336.238,-33.137,r,06/22/15 08:32 AM,0.75,0.04,25.05,23.99,2.91E+13,A
KIDS_186.5_-2.5,186.518,-2.478,i,03/02/15 03:16 AM,0.72,0.06,23.64,22.67,1.36E+13,B
KIDS_173.5_2.5,173.482,2.478,u,06/02/13 11:06 PM,1.07,0.04,24.19,22.91,3.34E+12,B
KIDS_232.0_-0.5,232,-0.5,i,07/14/14 03:13 AM,0.93,0.04,23.5,22.37,1.33E+13,B
KIDS_173.5_2.5,173.482,2.478,r,04/20/14 12:26 AM,0.75,0.05,24.83,23.87,3.13E+13,A
KIDS_173.5_2.5,173.482,2.478,i,12/28/12 06:33 AM,0.96,0.05,23.29,22.16,1.36E+13,B
KIDS_176.0_0.5,176,0.5,r,04/08/13 03:08 AM,0.57,0.05,24.79,23.91,3.13E+13,A
KIDS_173.5_2.5,173.482,2.478,g,04/28/14 12:22 AM,0.67,0.04,25.14,24.19,1.71E+13,B
KIDS_186.5_-2.5,186.518,-2.478,r,02/22/13 07:59 AM,0.64,0.05,25.04,24.12,3.12E+13,B
KIDS_180.0_0.5,180,0.5,i,06/29/14 12:56 AM,0.93,0.05,23.86,22.69,1.34E+13,A
KIDS_138.0_1.5,138,1.489,g,04/04/14 02:26 AM,1.03,0.05,25.11,23.87,1.68E+13,A
KIDS_140.4_2.5,140.39,2.478,r,01/03/14 07:19 AM,0.69,0.05,25.05,24.09,3.08E+13,B
KIDS_138.0_1.5,138,1.489,r,02/23/14 02:28 AM,0.88,0.06,25.05,23.9,3.19E+13,A
KIDS_174.5_-2.5,174.485,-2.478,i,02/22/13 03:55 AM,0.77,0.05,23.66,22.7,1.38E+13,B
KIDS_236.7_2.5,236.657,2.478,u,04/19/15 08:01 AM,1.4,0.06,23.85,22.26,2.65E+12,B
KIDS_215.0_-0.5,215,-0.5,r,06/22/14 02:00 AM,0.75,0.04,25.06,24.08,3.11E+13,B
KIDS_343.2_-34.1,343.2,-34.126,g,06/22/14 05:52 AM,0.96,0.05,25.14,24.01,1.64E+13,B
KIDS_236.7_2.5,236.657,2.478,i,03/17/14 06:52 AM,0.63,0.06,23.28,22.36,1.25E+13,B
KIDS_1.2_-33.1,1.188,-33.137,i,10/06/11 06:50 AM,0.54,0.05,24.09,23.27,1.36E+13,C
KIDS_215.0_-0.5,215,-0.5,i,03/24/13 05:42 AM,0.61,0.05,23.84,23.02,1.34E+13,B
KIDS_49.5_-30.2,49.457,-30.17,i,11/15/11 07:46 AM,0.95,0.05,23.79,22.63,1.31E+13,B
KIDS_217.6_2.5,217.604,2.478,g,06/17/15 01:35 AM,0.68,0.04,25.21,24.29,1.68E+13,A
KIDS_214.0_1.5,214,1.489,r,04/28/14 03:27 AM,0.55,0.05,24.88,24.06,3.14E+13,A
KIDS_236.0_-0.5,236,-0.5,i,03/17/14 05:41 AM,0.69,0.05,23.2,22.15,1.22E+13,B
KIDS_157.0_0.5,157,0.5,r,01/16/15 06:33 AM,0.69,0.05,25.1,24.15,3.15E+13,A
KIDS_217.6_2.5,217.604,2.478,i,02/22/13 06:27 AM,0.74,0.05,23.73,22.78,1.37E+13,B
KIDS_157.0_0.5,157,0.5,u,12/28/14 07:44 AM,1.09,0.04,24.27,23.1,3.33E+12,B
KIDS_135.0_-0.5,135,-0.5,g,03/26/14 01:53 AM,0.78,0.04,25.13,24.04,1.65E+13,A
KIDS_19.2_-34.1,19.2,-34.126,g,10/30/14 12:12 AM,0.91,0.04,24.63,23.46,1.60E+13,B
KIDS_157.0_0.5,157,0.5,i,12/23/12 05:50 AM,0.73,0.06,23.58,22.6,1.08E+13,B
KIDS_218.0_0.5,218,0.5,r,06/21/14 11:14 PM,0.62,0.06,24.96,24.13,3.11E+13,A
KIDS_135.0_-0.5,135,-0.5,u,02/14/13 02:30 AM,1.13,0.03,24.17,22.58,3.26E+12,B
KIDS_214.0_1.5,214,1.489,i,02/22/13 05:56 AM,0.66,0.05,23.64,22.73,1.37E+13,B
KIDS_157.0_0.5,157,0.5,g,12/24/14 06:52 AM,0.72,0.05,25.09,24.12,1.68E+13,A
KIDS_217.6_2.5,217.604,2.478,r,05/13/15 03:43 AM,0.54,0.05,24.96,24.13,2.97E+13,C
KIDS_135.0_-0.5,135,-0.5,r,01/07/14 06:23 AM,0.66,0.05,25.05,24.14,2.97E+13,B
KIDS_342.0_-34.1,342,-34.126,i,07/02/12 06:13 AM,0.7,0.04,23.43,22.39,1.28E+13,C
KIDS_40.0_-32.1,40,-32.148,i,12/13/11 05:56 AM,0.77,0.05,23.34,22.39,1.29E+13,B
KIDS_178.5_-2.5,178.496,-2.478,u,06/16/12 12:30 AM,1.06,0.03,24.06,22.7,3.19E+12,B
KIDS_174.0_1.5,174,1.489,r,03/09/13 06:38 AM,0.86,0.04,24.93,23.83,3.13E+13,A
KIDS_19.2_-34.1,19.2,-34.126,i,11/30/12 12:34 AM,0.93,0.04,23.84,22.67,1.37E+13,B
KIDS_174.0_1.5,174,1.489,u,02/03/12 06:35 AM,1.01,0.04,24.31,23.23,3.30E+12,B
KIDS_182.5_-2.5,182.507,-2.478,r,02/28/14 06:11 AM,0.76,0.04,24.99,23.99,3.16E+13,A
KIDS_207.0_-0.5,207,-0.5,g,08/04/15 11:36 PM,1.21,0.04,24.7,23.36,1.13E+13,B
KIDS_207.0_-0.5,207,-0.5,i,04/20/14 08:02 AM,0.74,0.05,23.53,22.54,1.33E+13,B
KIDS_47.2_-30.2,47.157,-30.17,g,02/22/14 01:02 AM,0.96,0.04,25.08,23.95,1.64E+13,A
KIDS_187.0_1.5,187,1.489,i,12/30/12 06:52 AM,0.74,0.06,23.45,22.49,1.36E+13,C
KIDS_50.6_-30.2,50.607,-30.17,g,12/01/14 07:01 AM,0.92,0.06,25.11,24.01,1.61E+13,B
KIDS_333.9_-33.1,333.861,-33.137,i,07/30/12 02:46 AM,1,0.06,23.35,22.12,1.31E+13,B
KIDS_333.9_-33.1,333.861,-33.137,u,08/01/14 04:37 AM,0.99,0.03,24.31,23.23,3.18E+12,B
KIDS_52.8_-34.1,52.8,-34.126,r,01/05/13 03:54 AM,0.78,0.05,25.07,24.09,3.11E+13,A
KIDS_44.7_-32.1,44.706,-32.148,r,11/16/12 06:14 AM,0.62,0.04,25.04,24.09,2.92E+13,B
KIDS_214.0_-0.5,214,-0.5,u,03/10/14 06:43 AM,1.21,0.03,24.17,22.96,3.34E+12,B
KIDS_354.1_-33.1,354.059,-33.137,r,09/26/13 01:16 AM,0.68,0.04,24.98,24.08,3.15E+13,A
KIDS_211.0_-0.5,211,-0.5,r,07/17/14 11:58 PM,0.7,0.05,24.95,23.98,3.07E+13,A
KIDS_214.0_-0.5,214,-0.5,i,03/23/13 05:14 AM,1.29,0.04,23.88,22.53,1.29E+13,B
KIDS_132.0_-1.5,132,-1.489,i,12/20/11 06:43 AM,0.63,0.05,24.36,23.47,1.32E+13,B
KIDS_344.6_-33.1,344.554,-33.137,u,08/21/12 04:07 AM,1.09,0.04,24.39,23.22,3.42E+12,B
KIDS_132.0_-1.5,132,-1.489,g,01/06/12 07:58 AM,0.88,0.04,25.08,24.01,1.59E+13,A
KIDS_221.6_-2.5,221.616,-2.478,u,07/25/14 12:40 AM,1.31,0.05,24.18,22.61,3.24E+12,C
KIDS_347.1_-32.1,347.059,-32.148,r,09/30/13 01:44 AM,0.59,0.05,25.04,24.14,3.11E+13,B
KIDS_238.0_1.5,238,1.489,r,05/08/14 06:40 AM,0.51,0.05,24.84,24.05,3.13E+13,A
KIDS_216.6_-2.5,216.602,-2.478,r,04/18/13 06:43 AM,0.56,0.05,24.95,24.12,3.13E+13,B
KIDS_216.6_-2.5,216.602,-2.478,g,05/14/13 02:54 AM,0.78,0.05,25.16,24.18,1.75E+13,A
KIDS_137.0_-1.5,137,-1.489,r,12/11/13 07:06 AM,0.66,0.05,25.02,24.12,3.11E+13,A
KIDS_353.0_-31.2,353.01,-31.159,r,08/13/13 05:40 AM,0.8,0.04,25.12,24.03,3.12E+13,A
KIDS_332.7_-33.1,332.673,-33.137,r,11/12/14 01:48 AM,0.89,0.04,25,23.91,2.93E+13,B
KIDS_236.0_-0.5,236,-0.5,r,04/28/14 07:33 AM,0.79,0.05,24.94,23.94,3.07E+13,A
KIDS_224.0_-0.5,224,-0.5,u,03/06/14 08:14 AM,0.94,0.04,24.18,22.77,3.42E+12,B
KIDS_188.0_-0.5,188,-0.5,u,05/14/13 02:31 AM,0.89,0.04,24.25,23.28,3.34E+12,B
KIDS_354.1_-32.1,354.118,-32.148,g,10/28/13 04:13 AM,0.67,0.04,25.13,24.13,1.68E+13,A
KIDS_176.5_2.5,176.49,2.478,r,03/27/14 02:18 AM,0.62,0.06,24.78,23.92,2.95E+13,B
KIDS_176.5_2.5,176.49,2.478,u,01/28/14 07:18 AM,0.98,0.04,24.3,23.14,3.33E+12,B
KIDS_176.5_-2.5,176.49,-2.478,i,02/22/13 04:25 AM,0.91,0.04,23.68,22.57,1.38E+13,B
KIDS_223.6_-2.5,223.621,-2.478,g,04/19/13 07:34 AM,0.81,0.04,25.01,24.02,1.70E+13,A
KIDS_3.6_-34.1,3.6,-34.126,r,06/20/15 09:08 AM,0.78,0.04,24.97,23.96,2.67E+13,B
KIDS_3.6_-34.1,3.6,-34.126,u,10/23/14 02:42 AM,1.24,0.04,24.13,22.88,3.05E+12,B
KIDS_33.3_-33.1,33.267,-33.137,i,01/11/12 01:58 AM,0.63,0.04,23.68,22.79,1.37E+13,B
KIDS_223.6_-2.5,223.621,-2.478,r,04/09/13 06:54 AM,0.61,0.06,24.86,23.97,3.20E+13,A
KIDS_213.6_-2.5,213.593,-2.478,r,07/19/14 12:08 AM,0.78,0.04,24.99,23.93,3.04E+13,A
KIDS_221.0_0.5,221,0.5,g,04/14/15 07:23 AM,1.14,0.06,24.81,23.6,1.59E+13,B
KIDS_212.6_-2.5,212.591,-2.478,r,05/14/13 05:06 AM,0.75,0.05,25.01,24.03,3.12E+13,B
KIDS_217.6_-2.5,217.604,-2.478,r,06/30/14 12:36 AM,0.78,0.04,24.98,23.93,2.87E+13,B
KIDS_51.6_-34.1,51.6,-34.126,u,01/16/15 02:31 AM,1.25,0.03,24.31,23.49,3.24E+12,B
KIDS_40.4_-33.1,40.396,-33.137,r,12/31/13 01:50 AM,0.81,0.07,25.11,24.16,2.99E+13,B
KIDS_345.0_-30.2,345.048,-30.17,i,06/30/12 04:58 AM,0.89,0.05,23.41,22.33,1.27E+13,C
KIDS_332.0_-31.2,332.039,-31.159,i,07/02/12 03:34 AM,0.94,0.04,23.1,21.94,1.25E+13,C
KIDS_217.0_-0.5,217,-0.5,g,03/08/14 08:10 AM,0.76,0.04,25.13,24.05,1.74E+13,A
KIDS_355.2_-33.1,355.248,-33.137,r,08/25/12 07:31 AM,0.6,0.06,24.96,24.07,2.99E+13,B
KIDS_349.6_-30.2,349.649,-30.17,i,07/03/12 06:25 AM,0.61,0.05,23.42,22.5,1.32E+13,C
KIDS_133.0_-1.5,133,-1.489,i,04/07/12 02:18 AM,0.76,0.05,23.32,22.19,1.30E+13,B
KIDS_337.2_-29.2,337.215,-29.181,u,09/01/14 02:07 AM,1.1,0.04,24.1,22.7,3.35E+12,A
KIDS_185.5_-2.5,185.515,-2.478,i,07/28/12 11:31 PM,0.78,0.04,23.35,22.28,1.29E+13,B
KIDS_137.0_1.5,137,1.489,g,02/24/14 03:00 AM,0.98,0.06,25.07,23.91,1.74E+13,A
KIDS_220.6_-2.5,220.613,-2.478,g,04/19/13 08:03 AM,1.04,0.03,24.95,23.8,1.66E+13,A
KIDS_51.1_-33.1,51.089,-33.137,i,11/07/11 03:39 AM,0.79,0.04,23.89,22.87,1.37E+13,A
KIDS_137.0_1.5,137,1.489,i,06/05/12 11:48 PM,0.78,0.06,23.48,22.39,1.28E+13,A
KIDS_220.0_-1.5,220,-1.489,u,03/07/14 08:22 AM,1.07,0.04,24.17,22.97,3.36E+12,B
KIDS_356.5_-32.1,356.471,-32.148,i,09/19/11 08:47 AM,0.72,0.05,23.73,22.74,1.33E+13,B
KIDS_332.0_-31.2,332.039,-31.159,g,09/19/15 12:42 AM,0.96,0.05,24.96,23.8,1.67E+13,B
KIDS_353.0_-31.2,353.01,-31.159,i,06/01/12 07:18 AM,0.6,0.05,23.56,22.69,1.28E+13,B
KIDS_220.0_-1.5,220,-1.489,g,06/30/14 01:25 AM,0.91,0.04,25.19,24.08,1.69E+13,B
KIDS_220.6_-2.5,220.613,-2.478,i,07/14/14 01:56 AM,0.69,0.05,23.59,22.49,1.34E+13,B
KIDS_340.4_-30.2,340.447,-30.17,r,08/01/14 06:52 AM,0.6,0.05,25.07,24.17,3.08E+13,B
KIDS_217.0_-0.5,217,-0.5,u,03/08/14 07:43 AM,0.84,0.04,24.17,23.05,3.35E+12,B
KIDS_44.3_-31.2,44.272,-31.159,r,11/19/12 02:41 AM,0.62,0.05,24.95,24.07,3.00E+13,B
KIDS_44.3_-31.2,44.272,-31.159,g,11/29/13 06:00 AM,0.69,0.05,25.12,24.19,1.61E+13,A
KIDS_138.0_0.5,138,0.5,r,02/23/14 01:45 AM,0.74,0.05,25.04,24.05,3.16E+13,B
KIDS_172.5_-2.5,172.479,-2.478,i,12/29/12 06:03 AM,0.6,0.05,23.33,22.41,1.37E+13,B
KIDS_346.8_-34.1,346.8,-34.126,r,08/01/14 07:34 AM,0.52,0.05,25.03,24.31,3.09E+13,B
KIDS_36.5_-32.1,36.471,-32.148,r,10/01/13 06:46 AM,0.65,0.05,25.16,24.31,3.08E+13,B
KIDS_47.1_-32.1,47.059,-32.148,g,02/23/14 12:29 AM,1.03,0.03,25.13,23.92,1.70E+13,A
KIDS_344.4_-34.1,344.4,-34.126,u,10/26/13 01:40 AM,0.77,0.04,24.24,23.1,3.48E+12,A
KIDS_332.0_-31.2,332.039,-31.159,r,07/18/15 04:26 AM,0.98,0.04,25.11,23.94,2.97E+13,A
KIDS_172.5_-2.5,172.479,-2.478,u,02/15/15 05:12 AM,1.1,0.05,24.14,22.83,3.35E+12,B
KIDS_352.9_-33.1,352.871,-33.137,u,10/10/12 03:03 AM,0.81,0.05,24.26,22.98,3.49E+12,B
KIDS_172.5_-2.5,172.479,-2.478,r,03/26/14 03:48 AM,0.77,0.05,24.88,23.86,2.96E+13,B
KIDS_351.6_-34.1,351.6,-34.126,u,10/26/13 03:42 AM,0.91,0.04,24.15,23.04,3.29E+12,A
KIDS_220.0_1.5,220,1.489,r,06/22/14 02:40 AM,0.84,0.05,25.07,24,3.07E+13,A
KIDS_210.6_-2.5,210.585,-2.478,u,05/03/13 03:59 AM,1.04,0.08,24.2,23.05,3.38E+12,A
KIDS_220.0_1.5,220,1.489,u,03/09/14 07:55 AM,1.06,0.04,24.18,22.69,3.33E+12,A
KIDS_35.0_-31.2,34.951,-31.159,i,12/13/11 05:27 AM,0.78,0.04,23.37,22.27,1.31E+13,C
KIDS_224.6_2.5,224.624,2.478,g,07/12/15 01:14 AM,1.04,0.04,24.99,23.77,1.33E+13,A
KIDS_210.6_-2.5,210.585,-2.478,r,07/11/13 12:28 AM,0.72,0.05,24.93,23.97,3.13E+13,B
KIDS_220.0_1.5,220,1.489,i,01/25/13 08:10 AM,0.83,0.04,23.59,22.4,1.36E+13,B
KIDS_220.0_1.5,220,1.489,g,06/17/15 01:09 AM,0.75,0.07,25.22,24.11,1.68E+13,A
KIDS_181.0_1.5,181,1.489,g,04/18/12 02:58 AM,0.69,0.05,25.06,24.42,1.67E+13,B
KIDS_217.0_0.5,217,0.5,r,04/04/14 06:46 AM,0.59,0.06,24.9,24.01,3.12E+13,A
KIDS_219.6_2.5,219.61,2.478,i,07/07/12 03:23 AM,0.75,0.05,23.45,22.41,1.29E+13,C
KIDS_181.0_1.5,181,1.489,i,01/07/15 07:39 AM,0.84,0.06,23.58,22.53,1.37E+13,B
KIDS_177.0_1.5,177,1.489,g,04/18/12 04:07 AM,0.83,0.06,25.02,24.04,1.67E+13,B
KIDS_221.0_-0.5,221,-0.5,r,05/13/15 03:02 AM,0.72,0.08,24.85,23.85,2.96E+13,C
KIDS_339.6_-34.1,339.6,-34.126,g,10/07/13 12:51 AM,0.86,0.04,25.23,24.11,1.77E+13,A
KIDS_339.6_-34.1,339.6,-34.126,i,07/14/12 09:21 AM,0.98,0.04,24.24,23.05,1.37E+13,B
KIDS_226.0_0.5,226,0.5,u,06/19/15 01:49 AM,1.15,0.03,24.22,23,3.14E+12,A
KIDS_221.0_-0.5,221,-0.5,u,03/30/14 05:59 AM,1.11,0.04,24.21,22.83,3.35E+12,B
KIDS_226.0_0.5,226,0.5,r,07/19/14 12:47 AM,0.69,0.05,25.05,24.1,3.06E+13,B
KIDS_197.0_-0.5,197,-0.5,i,05/28/13 02:49 AM,0.92,0.04,23.78,22.66,1.36E+13,C
KIDS_351.7_-33.1,351.683,-33.137,u,08/25/12 06:19 AM,0.92,0.04,24.26,23.32,3.46E+12,A
KIDS_197.0_-0.5,197,-0.5,g,06/09/15 03:20 AM,1.13,0.04,25.09,23.9,1.55E+13,B
KIDS_226.0_0.5,226,0.5,g,07/16/15 02:05 AM,0.84,0.05,25.14,23.98,1.57E+13,A
KIDS_235.0_0.5,235,0.5,r,07/17/15 02:49 AM,0.63,0.04,25.14,24.18,2.95E+13,B
KIDS_338.1_-30.2,338.147,-30.17,i,05/07/12 07:53 AM,0.67,0.05,23.29,22.25,1.29E+13,B
KIDS_221.0_-0.5,221,-0.5,i,03/25/13 06:31 AM,0.8,0.05,23.7,22.66,1.35E+13,B
KIDS_163.0_0.5,163,0.5,u,01/17/15 08:03 AM,0.78,0.04,24.26,23.06,3.35E+12,A
KIDS_332.7_-33.1,332.673,-33.137,u,07/28/14 04:55 AM,1.02,0.05,24.26,23.2,3.33E+12,B
KIDS_162.0_0.5,162,0.5,u,01/17/15 07:36 AM,1.14,0.03,24.26,23.24,3.34E+12,B
KIDS_220.6_2.5,220.613,2.478,g,04/14/15 05:31 AM,0.97,0.05,25.07,23.9,1.62E+13,B
KIDS_137.0_-1.5,137,-1.489,g,12/29/13 06:58 AM,0.61,0.04,25.07,24.1,1.60E+13,A
KIDS_137.0_0.5,137,0.5,g,02/24/14 02:10 AM,0.96,0.05,25.07,23.86,1.73E+13,B
KIDS_211.0_0.5,211,0.5,u,04/22/14 03:07 AM,0.91,0.04,24.06,22.92,3.00E+12,B
KIDS_137.0_0.5,137,0.5,i,04/08/12 01:47 AM,1.08,0.04,23.48,22.18,1.28E+13,B
KIDS_180.5_2.5,180.501,2.478,r,04/28/14 01:33 AM,0.61,0.06,24.91,24.04,3.15E+13,A
KIDS_137.0_0.5,137,0.5,u,04/13/13 12:26 AM,1.25,0.03,24.11,22.79,3.33E+12,A
KIDS_137.0_0.5,137,0.5,r,01/28/14 03:52 AM,0.68,0.05,25,24.03,2.99E+13,A
KIDS_39.6_-31.2,39.612,-31.159,u,11/29/13 04:51 AM,0.83,0.04,24.06,22.99,3.22E+12,B
KIDS_180.5_2.5,180.501,2.478,i,01/24/13 05:33 AM,0.83,0.06,23.64,22.61,1.36E+13,B
KIDS_40.0_-32.1,40,-32.148,u,08/25/14 08:30 AM,1.06,0.04,24.27,22.92,3.39E+12,B
KIDS_36.8_-33.1,36.832,-33.137,g,12/22/14 04:37 AM,1.1,0.06,25.07,23.92,1.61E+13,B
KIDS_177.0_1.5,177,1.489,i,02/13/15 06:15 AM,0.83,0.06,24.03,22.98,1.28E+13,B
KIDS_181.0_1.5,181,1.489,u,03/20/12 03:54 AM,0.91,0.04,24.24,23.1,3.28E+12,A
KIDS_45.4_-31.2,45.437,-31.159,g,02/21/14 12:36 AM,1.1,0.04,25.14,23.81,1.65E+13,B
KIDS_181.0_-0.5,181,-0.5,g,03/17/12 04:26 AM,0.82,0.04,25.04,23.95,1.69E+13,A
KIDS_181.0_1.5,181,1.489,r,02/18/13 07:14 AM,0.57,0.05,25.01,24.18,3.25E+13,B
KIDS_217.0_0.5,217,0.5,i,01/27/13 07:56 AM,1.06,0.05,23.47,22.28,1.36E+13,B
KIDS_197.0_-0.5,197,-0.5,u,07/03/13 11:55 PM,0.86,0.04,24.25,23.04,3.26E+12,B
KIDS_48.2_-32.1,48.235,-32.148,u,11/28/11 05:22 AM,0.95,0.04,24.08,22.89,3.15E+12,B
KIDS_197.0_-0.5,197,-0.5,r,07/16/15 11:25 PM,0.72,0.04,24.93,23.94,2.98E+13,B
KIDS_339.6_-34.1,339.6,-34.126,u,10/26/13 12:36 AM,0.94,0.04,24.28,23.15,3.49E+12,B
KIDS_218.0_0.5,218,0.5,i,02/25/13 07:01 AM,0.58,0.05,23.43,22.47,1.37E+13,B
KIDS_347.3_-30.2,347.348,-30.17,r,07/20/14 06:40 AM,0.6,0.05,25.01,24.14,3.13E+13,A
KIDS_163.0_0.5,163,0.5,g,02/13/15 05:16 AM,0.99,0.04,24.84,23.65,1.62E+13,B
KIDS_174.5_2.5,174.485,2.478,i,12/29/12 06:30 AM,0.74,0.05,23.37,22.4,1.36E+13,B
KIDS_36.8_-33.1,36.832,-33.137,i,02/22/12 01:18 AM,1.08,0.04,23.82,22.62,1.27E+13,C
KIDS_179.5_-2.5,179.499,-2.478,i,01/25/13 05:27 AM,1.13,0.04,23.56,22.22,1.35E+13,B
KIDS_338.1_-30.2,338.147,-30.17,u,10/22/13 12:09 AM,0.9,0.04,24.24,23.23,3.48E+12,B
KIDS_174.5_2.5,174.485,2.478,u,05/31/13 12:47 AM,0.82,0.04,24.15,23.13,3.21E+12,B
KIDS_48.2_-32.1,48.235,-32.148,g,01/01/14 02:13 AM,0.67,0.04,25.34,24.42,1.79E+13,A
KIDS_50.6_-30.2,50.607,-30.17,i,11/14/11 07:57 AM,0.91,0.05,23.55,22.36,1.34E+13,B
KIDS_338.1_-30.2,338.147,-30.17,r,10/07/13 01:18 AM,0.76,0.05,24.96,23.98,3.20E+13,B
KIDS_173.0_-0.5,173,-0.5,g,02/24/14 06:06 AM,0.8,0.05,24.89,23.92,1.75E+13,B
KIDS_156.0_0.5,156,0.5,i,12/23/12 05:16 AM,0.79,0.05,23.4,22.32,1.11E+13,B
KIDS_150.1_2.2,150.418,2.478,r,12/24/14 07:21 AM,0.55,0.05,25.07,24.28,3.10E+13,B
KIDS_180.5_-2.5,180.501,-2.478,r,02/27/14 06:48 AM,0.82,0.04,24.87,23.81,3.00E+13,B
KIDS_156.0_0.5,156,0.5,g,12/19/14 06:58 AM,0.81,0.06,25.16,24.09,1.68E+13,A
KIDS_173.0_-0.5,173,-0.5,u,04/15/12 02:54 AM,0.96,0.03,24.2,23.16,3.34E+12,B
KIDS_156.0_0.5,156,0.5,u,12/28/14 07:14 AM,1.15,0.04,24.25,22.81,3.29E+12,B
KIDS_156.0_0.5,156,0.5,r,12/25/14 07:34 AM,0.72,0.04,25.05,24.09,2.98E+13,B
KIDS_180.5_-2.5,180.501,-2.478,i,01/26/13 05:15 AM,0.99,0.06,23.49,22.36,1.35E+13,B
KIDS_346.2_-30.2,346.198,-30.17,u,11/25/13 12:35 AM,0.99,0.03,24.12,23.05,3.42E+12,B
KIDS_211.6_-2.5,211.588,-2.478,r,06/20/14 11:50 PM,0.79,0.04,25,23.99,3.09E+13,B
KIDS_346.2_-30.2,346.198,-30.17,g,08/03/14 03:46 AM,0.79,0.05,25.04,24.05,1.62E+13,A
KIDS_237.0_0.5,237,0.5,u,03/09/14 08:50 AM,0.94,0.05,24.21,23.01,3.36E+12,B
KIDS_217.0_-1.5,217,-1.489,u,03/09/14 07:30 AM,1.04,0.04,24.18,22.78,3.37E+12,B
KIDS_51.8_-32.1,51.765,-32.148,g,01/19/15 03:16 AM,1.16,0.04,25.26,23.98,1.61E+13,A
KIDS_339.3_-30.2,339.297,-30.17,i,05/08/12 08:02 AM,0.78,0.05,23.44,22.46,1.29E+13,B
KIDS_237.0_-0.5,237,-0.5,i,03/17/14 08:23 AM,0.62,0.07,23.3,22.38,1.25E+13,B
KIDS_217.0_-1.5,217,-1.489,g,07/19/14 02:03 AM,0.94,0.06,25.13,24.07,1.63E+13,A
KIDS_44.0_-33.1,43.96,-33.137,u,01/21/12 01:29 AM,0.95,0.05,24.27,22.92,3.29E+12,B
KIDS_237.0_0.5,237,0.5,i,02/12/14 08:18 AM,0.9,0.05,24.05,22.95,1.36E+13,B
KIDS_337.4_-33.1,337.426,-33.137,u,07/27/14 05:52 AM,0.98,0.03,24.37,23.24,3.50E+12,C
KIDS_175.0_0.5,175,0.5,g,02/29/12 07:58 AM,0.69,0.05,25.01,23.96,1.62E+13,B
KIDS_138.4_2.5,138.384,2.478,g,03/27/14 12:00 AM,0.76,0.05,24.99,24.02,1.60E+13,B
KIDS_350.4_-34.1,350.4,-34.126,u,10/27/13 01:09 AM,1.08,0.04,24.25,22.95,3.52E+12,B
KIDS_182.5_2.5,182.507,2.478,u,01/28/14 08:36 AM,1.28,0.04,24.26,22.87,3.31E+12,B
KIDS_221.0_0.5,221,0.5,i,02/25/13 07:29 AM,0.54,0.05,23.49,22.68,1.37E+13,B
KIDS_217.0_-0.5,217,-0.5,i,02/25/13 06:05 AM,0.76,0.04,23.31,22.2,1.36E+13,C
KIDS_175.0_0.5,175,0.5,r,04/06/13 03:46 AM,0.72,0.06,24.92,24,3.17E+13,B
KIDS_220.6_-2.5,220.613,-2.478,u,04/07/13 06:45 AM,0.84,0.03,24.17,22.83,3.36E+12,A
KIDS_233.0_-0.5,233,-0.5,i,07/14/14 03:56 AM,0.87,0.05,23.43,22.36,1.32E+13,B
KIDS_158.0_0.5,158,0.5,i,12/25/12 07:07 AM,0.79,0.06,23.97,22.85,1.35E+13,B
KIDS_214.6_2.5,214.596,2.478,g,04/16/15 03:17 AM,0.78,0.07,25,23.97,1.60E+13,C
KIDS_351.8_-32.1,351.765,-32.148,u,10/10/12 03:31 AM,0.87,0.05,24.25,23.15,3.46E+12,B
KIDS_219.0_0.5,219,0.5,r,07/08/12 01:18 AM,0.54,0.05,24.99,24.24,3.01E+13,B
KIDS_358.8_-33.1,358.812,-33.137,i,06/03/12 09:02 AM,0.89,0.04,23.7,22.61,1.28E+13,B
KIDS_219.0_0.5,219,0.5,g,06/06/13 02:59 AM,0.78,0.04,25.2,24.19,1.73E+13,B
KIDS_340.8_-34.1,340.8,-34.126,i,07/02/12 04:08 AM,0.88,0.04,23.2,22.04,1.25E+13,C
KIDS_346.9_-33.1,346.931,-33.137,g,06/10/14 09:40 AM,1.08,0.05,25.15,23.96,1.69E+13,A
KIDS_221.0_0.5,221,0.5,r,05/07/14 05:33 AM,0.52,0.05,24.78,23.93,3.02E+13,B
KIDS_183.5_-2.5,183.51,-2.478,u,03/09/14 06:37 AM,1.02,0.03,24.17,22.88,3.32E+12,B
KIDS_346.9_-33.1,346.931,-33.137,u,09/24/13 01:44 AM,0.94,0.03,24.34,23.35,3.36E+12,B
KIDS_335.5_-31.2,335.534,-31.159,g,05/16/15 08:38 AM,1.01,0.04,25.03,23.84,1.63E+13,A
KIDS_183.5_-2.5,183.51,-2.478,i,01/27/13 05:28 AM,0.92,0.06,23.29,22.22,1.36E+13,B
KIDS_213.0_0.5,213,0.5,g,06/29/14 01:26 AM,1.1,0.04,25.17,23.94,1.70E+13,A
KIDS_346.9_-33.1,346.931,-33.137,r,09/26/13 01:56 AM,0.69,0.04,25.08,24.23,3.19E+13,A
KIDS_357.6_-33.1,357.624,-33.137,u,07/28/14 06:53 AM,0.89,0.03,24.29,23.16,3.36E+12,B
KIDS_216.6_2.5,216.602,2.478,u,03/07/14 07:24 AM,1.01,0.04,24.14,23.01,3.31E+12,B
KIDS_351.8_-32.1,351.765,-32.148,i,06/01/12 07:45 AM,0.62,0.05,23.71,22.85,1.30E+13,B
KIDS_357.7_-31.2,357.67,-31.159,r,09/29/14 02:51 AM,0.71,0.05,25.01,24.13,3.04E+13,B
KIDS_176.5_2.5,176.49,2.478,i,12/27/12 07:25 AM,1.02,0.05,23.27,22.11,9.87E+12,B
KIDS_216.6_2.5,216.602,2.478,i,07/30/12 01:43 AM,0.92,0.05,23.21,22.01,1.28E+13,B
KIDS_357.6_-33.1,357.624,-33.137,i,09/20/11 08:50 AM,1.1,0.06,23.67,22.44,1.32E+13,B
KIDS_178.5_2.5,178.496,2.478,u,01/28/14 07:46 AM,1.01,0.03,24.31,23.12,3.33E+12,B
KIDS_216.6_2.5,216.602,2.478,g,06/29/14 01:54 AM,1.13,0.04,25.21,23.94,1.69E+13,B
KIDS_42.0_-34.1,42,-34.126,r,12/08/13 03:19 AM,0.73,0.05,25.12,24.19,3.20E+13,B
KIDS_213.0_-0.5,213,-0.5,u,04/18/13 06:15 AM,0.76,0.04,24.13,22.89,3.24E+12,B
KIDS_174.0_-0.5,174,-0.5,u,05/17/12 11:49 PM,0.94,0.05,24.18,23.06,3.25E+12,C
KIDS_349.3_-33.1,349.307,-33.137,u,11/27/13 01:17 AM,1.11,0.03,24.12,22.85,3.27E+12,A
KIDS_39.6_-31.2,39.612,-31.159,r,11/19/12 02:00 AM,0.66,0.04,24.93,24.06,2.99E+13,B
KIDS_215.0_-0.5,215,-0.5,u,04/09/14 06:47 AM,0.58,0.04,24.15,22.94,3.30E+12,A
KIDS_19.2_-34.1,19.2,-34.126,u,08/23/15 09:21 AM,0.84,0.04,24.3,23.04,3.37E+12,B
KIDS_236.7_2.5,236.657,2.478,r,07/20/14 01:28 AM,0.56,0.05,25.11,24.27,3.09E+13,A
KIDS_188.0_-0.5,188,-0.5,i,04/28/13 02:53 AM,0.62,0.06,23.79,22.9,1.40E+13,B
KIDS_19.2_-34.1,19.2,-34.126,r,11/16/12 04:10 AM,0.66,0.05,25.05,24.19,2.97E+13,A
KIDS_236.7_2.5,236.657,2.478,g,07/19/15 03:18 AM,0.84,0.06,24.35,23.27,7.76E+12,A
KIDS_135.0_-0.5,135,-0.5,i,06/04/12 11:36 PM,1.05,0.04,23.29,21.98,1.26E+13,A
KIDS_214.0_1.5,214,1.489,u,03/30/14 05:06 AM,1.26,0.05,24.19,23.01,3.28E+12,B
KIDS_49.5_-30.2,49.457,-30.17,g,11/23/14 06:53 AM,1.01,0.04,25.27,24,1.67E+13,B
KIDS_214.0_1.5,214,1.489,g,04/14/15 06:01 AM,0.95,0.05,25.04,23.99,1.61E+13,A
KIDS_48.7_-33.1,48.713,-33.137,r,11/18/12 02:35 AM,0.67,0.04,25.13,24.19,2.93E+13,B
KIDS_182.5_-2.5,182.507,-2.478,g,01/27/15 06:18 AM,0.72,0.05,25.06,24.04,1.60E+13,B
KIDS_207.0_-0.5,207,-0.5,r,07/17/15 12:07 AM,0.65,0.04,25.02,24.11,2.99E+13,B
KIDS_40.0_-32.1,40,-32.148,g,12/19/14 12:47 AM,0.71,0.05,25.34,24.38,1.75E+13,A
KIDS_341.8_-29.2,341.772,-29.181,u,10/23/14 02:05 AM,1.18,0.05,24.1,22.93,3.00E+12,B
KIDS_344.6_-33.1,344.554,-33.137,r,07/12/13 06:01 AM,0.66,0.06,25.12,24.17,3.15E+13,B
KIDS_0.0_-31.2,0,-31.159,r,07/25/12 07:02 AM,0.59,0.05,25.08,24.22,3.05E+13,B
KIDS_52.8_-34.1,52.8,-34.126,i,10/02/12 04:08 AM,0.63,0.05,23.51,22.64,1.30E+13,B
KIDS_329.7_-31.2,329.709,-31.159,r,07/20/14 05:23 AM,0.55,0.05,25.16,24.35,3.14E+13,A
KIDS_35.0_-31.2,34.951,-31.159,u,09/16/15 04:47 AM,1.13,0.03,24.28,23.01,3.28E+12,A
KIDS_345.0_-30.2,345.048,-30.17,u,10/28/13 12:11 AM,1.15,0.04,24.24,23.17,3.47E+12,B
KIDS_342.4_-32.1,342.353,-32.148,r,09/29/14 12:32 AM,0.71,0.05,24.92,23.93,2.99E+13,A
KIDS_341.8_-29.2,341.772,-29.181,g,10/21/14 04:08 AM,0.99,0.04,25.09,23.96,1.70E+13,A
KIDS_51.6_-34.1,51.6,-34.126,r,01/14/13 03:01 AM,0.68,0.04,25.2,24.34,3.21E+13,B
KIDS_344.9_-31.2,344.854,-31.159,r,08/14/13 06:30 AM,0.51,0.06,25.04,24.19,3.13E+13,B
KIDS_221.0_1.5,221,1.489,r,06/21/14 11:59 PM,0.6,0.06,25,24.15,3.10E+13,B
KIDS_35.0_-31.2,34.951,-31.159,r,10/28/13 05:57 AM,0.63,0.05,24.85,23.96,3.07E+13,B
KIDS_349.3_-33.1,349.307,-33.137,g,07/30/14 06:22 AM,0.82,0.05,25.24,24.16,1.73E+13,A
KIDS_344.9_-31.2,344.854,-31.159,u,08/30/13 03:58 AM,1,0.04,24.29,23.33,3.51E+12,B
KIDS_341.8_-29.2,341.772,-29.181,i,08/24/12 01:06 AM,1.16,0.04,23.76,22.49,1.34E+13,B
KIDS_329.7_-31.2,329.709,-31.159,i,05/07/12 07:19 AM,0.61,0.06,23.32,22.48,1.30E+13,B
KIDS_214.0_0.5,214,0.5,u,03/11/14 07:34 AM,1.07,0.04,24.27,23.08,3.36E+12,B
KIDS_357.6_-32.1,357.647,-32.148,g,10/28/13 05:35 AM,0.8,0.06,24.99,23.98,1.60E+13,B
KIDS_165.0_0.5,165,0.5,i,05/28/13 01:45 AM,0.9,0.04,23.67,22.61,1.34E+13,B
KIDS_178.0_0.5,178,0.5,g,02/24/14 07:19 AM,0.76,0.05,24.8,23.78,1.73E+13,A
KIDS_181.5_2.5,181.504,2.478,i,12/30/12 07:25 AM,0.88,0.05,23.57,22.49,1.37E+13,B
KIDS_47.1_-32.1,47.059,-32.148,r,10/01/13 05:22 AM,0.82,0.06,25.17,24.18,3.07E+13,B
KIDS_338.4_-34.1,338.4,-34.126,g,08/13/13 01:59 AM,1.06,0.03,24.66,23.45,1.62E+13,A
KIDS_338.4_-34.1,338.4,-34.126,i,05/07/12 08:24 AM,0.59,0.06,23.34,22.34,1.30E+13,C
KIDS_221.0_-1.5,221,-1.489,r,03/26/14 08:05 AM,0.66,0.05,24.89,24.02,2.99E+13,B
KIDS_349.2_-34.1,349.2,-34.126,u,07/27/14 07:41 AM,0.94,0.04,23.45,22.59,2.39E+12,B
KIDS_181.5_2.5,181.504,2.478,g,02/15/15 08:45 AM,0.74,0.04,24.97,23.92,1.69E+13,A
KIDS_178.0_0.5,178,0.5,i,12/25/12 07:38 AM,0.87,0.05,23.97,22.85,1.35E+13,B
KIDS_214.0_0.5,214,0.5,r,05/13/15 02:21 AM,0.56,0.05,24.9,24.06,2.95E+13,B
KIDS_165.0_0.5,165,0.5,g,02/13/15 07:07 AM,1.06,0.04,24.68,23.57,1.61E+13,B
KIDS_218.6_2.5,218.607,2.478,g,06/06/13 01:50 AM,0.84,0.04,25.21,24.18,1.74E+13,B
KIDS_335.0_-33.1,335.05,-33.137,i,08/22/12 01:58 AM,0.81,0.06,24.18,23.13,1.31E+13,A
KIDS_349.2_-34.1,349.2,-34.126,i,07/02/12 05:45 AM,0.74,0.05,23.34,22.34,1.27E+13,B
KIDS_178.0_0.5,178,0.5,r,04/10/13 04:32 AM,0.64,0.05,24.79,23.93,3.17E+13,A
KIDS_336.2_-33.1,336.238,-33.137,g,05/06/14 08:56 AM,1.1,0.05,25,23.83,1.65E+13,A
KIDS_221.0_-1.5,221,-1.489,g,07/08/15 11:26 PM,0.72,0.06,25.15,24.18,1.65E+13,B
KIDS_178.0_0.5,178,0.5,u,06/08/12 12:20 AM,0.67,0.04,24.17,23.1,3.25E+12,A
KIDS_221.0_1.5,221,1.489,u,05/28/14 02:15 AM,1.32,0.04,23.92,22.33,2.43E+12,B
KIDS_181.5_2.5,181.504,2.478,u,01/19/15 08:23 AM,1.06,0.03,24.24,23.02,3.32E+12,B
KIDS_357.6_-32.1,357.647,-32.148,r,09/29/13 06:18 AM,0.58,0.05,24.81,24,3.01E+13,A
KIDS_131.0_-0.5,131,-0.5,i,05/03/12 11:37 PM,1.09,0.04,23.46,22.08,1.29E+13,B
KIDS_338.4_-34.1,338.4,-34.126,u,08/20/12 03:08 AM,1.16,0.03,24.34,23.29,3.32E+12,A
KIDS_165.0_0.5,165,0.5,u,01/20/15 07:05 AM,0.81,0.04,24.24,23.14,3.37E+12,B
KIDS_218.6_2.5,218.607,2.478,u,04/18/13 05:13 AM,0.93,0.05,24.21,23.11,3.31E+12,B
KIDS_165.0_0.5,165,0.5,r,06/16/15 11:15 PM,0.5,0.05,24.77,23.97,2.99E+13,B
KIDS_218.6_2.5,218.607,2.478,r,04/06/13 07:24 AM,0.64,0.05,24.77,23.85,3.15E+13,C
KIDS_212.6_2.5,212.591,2.478,u,03/06/14 08:41 AM,0.86,0.04,24.12,22.85,3.29E+12,B
KIDS_336.5_-32.1,336.471,-32.148,u,08/22/14 05:26 AM,1.06,0.04,24.31,23.23,3.51E+12,B
KIDS_338.4_-34.1,338.4,-34.126,r,10/07/13 01:58 AM,0.62,0.05,25.1,24.23,3.18E+13,B
KIDS_181.5_2.5,181.504,2.478,r,04/22/14 02:04 AM,0.62,0.05,24.83,23.95,3.02E+13,A
KIDS_212.6_2.5,212.591,2.478,r,05/31/13 03:16 AM,0.61,0.05,25.01,24.11,3.14E+13,B
KIDS_47.2_-30.2,47.157,-30.17,i,12/20/11 03:57 AM,0.64,0.05,24.23,23.4,1.32E+13,A
KIDS_349.4_-32.1,349.412,-32.148,g,11/25/14 02:33 AM,1.09,0.04,25.11,23.83,1.68E+13,B
KIDS_221.0_1.5,221,1.489,i,02/25/13 08:01 AM,0.59,0.06,23.53,22.6,1.37E+13,B
KIDS_39.6_-31.2,39.612,-31.159,g,11/27/13 05:11 AM,0.95,0.05,25.11,23.98,1.66E+13,B
KIDS_36.5_-32.1,36.471,-32.148,g,12/18/14 04:32 AM,1.02,0.04,25.06,23.83,1.62E+13,B
KIDS_212.6_2.5,212.591,2.478,g,03/08/14 09:03 AM,0.98,0.04,25.08,23.93,1.71E+13,B
KIDS_212.6_2.5,212.591,2.478,i,06/06/12 03:55 AM,0.73,0.05,23.46,22.37,1.30E+13,B
KIDS_237.7_2.5,237.66,2.478,g,07/17/15 03:25 AM,0.94,0.05,25.11,23.96,1.55E+13,A
KIDS_350.8_-30.2,350.799,-30.17,g,10/04/15 11:59 PM,1.06,0.05,25.2,23.98,1.64E+13,A
KIDS_330.6_-32.1,330.588,-32.148,i,06/02/12 05:40 AM,0.95,0.06,23.33,22.24,1.34E+13,C
KIDS_338.8_-32.1,338.824,-32.148,r,09/30/14 01:41 AM,0.94,0.05,24.95,23.82,3.03E+13,B
KIDS_176.0_-1.5,176,-1.489,i,01/31/15 04:03 AM,0.83,0.05,23.41,22.34,1.18E+13,B
KIDS_134.0_-1.5,134,-1.489,u,01/18/13 04:11 AM,1.22,0.04,24.2,22.86,3.16E+12,A
KIDS_188.0_0.5,188,0.5,i,04/28/13 01:29 AM,0.57,0.06,23.74,22.92,1.40E+13,B
KIDS_224.0_0.5,224,0.5,u,05/06/14 05:38 AM,0.88,0.04,24.14,22.85,3.28E+12,C
KIDS_180.5_2.5,180.501,2.478,u,04/15/13 02:23 AM,1.08,0.03,24.16,23.13,3.30E+12,B
KIDS_214.6_2.5,214.596,2.478,u,04/09/14 06:18 AM,0.65,0.04,24.15,22.9,3.30E+12,A
KIDS_138.0_1.5,138,1.489,u,04/11/13 12:58 AM,0.95,0.03,24.14,22.73,3.31E+12,B
KIDS_341.6_-30.2,341.597,-30.17,g,06/19/15 06:42 AM,0.92,0.05,25.11,24.01,1.60E+13,A
KIDS_344.9_-31.2,344.854,-31.159,g,09/21/14 02:26 AM,0.85,0.05,25.17,24.12,1.64E+13,B
KIDS_3.6_-34.1,3.6,-34.126,g,08/25/14 05:06 AM,1.04,0.03,25.3,24.08,1.70E+13,A
KIDS_34.8_-34.1,34.8,-34.126,u,01/09/15 01:20 AM,1.02,0.04,24.26,23.09,3.37E+12,B
KIDS_211.0_0.5,211,0.5,g,06/08/15 12:34 AM,1.06,0.05,25.23,24.04,1.65E+13,A
KIDS_349.6_-30.2,349.649,-30.17,r,09/26/14 01:03 AM,0.72,0.05,24.85,23.86,2.75E+13,B
KIDS_345.6_-34.1,345.6,-34.126,r,07/21/14 05:58 AM,0.88,0.04,25.11,24.06,3.17E+13,B
KIDS_223.0_1.5,223,1.489,r,03/27/14 06:10 AM,0.9,0.06,24.81,23.74,2.98E+13,A
KIDS_224.0_-1.5,224,-1.489,i,07/12/14 03:02 AM,0.76,0.05,23.16,22.05,1.33E+13,B
KIDS_214.0_0.5,214,0.5,g,05/14/15 05:29 AM,0.73,0.06,25.1,24.09,1.61E+13,B
KIDS_213.6_2.5,213.593,2.478,r,03/27/14 05:31 AM,0.73,0.06,24.79,23.81,2.95E+13,B
KIDS_225.0_-0.5,225,-0.5,u,07/18/15 12:45 AM,1.03,0.03,24.21,22.81,3.11E+12,A
KIDS_225.0_-0.5,225,-0.5,r,07/17/15 12:49 AM,0.69,0.04,25.11,24.12,3.02E+13,A
KIDS_342.0_-34.1,342,-34.126,u,09/25/13 01:43 AM,1.15,0.04,24.31,23.08,3.42E+12,B
KIDS_51.8_-30.2,51.757,-30.17,r,01/03/14 03:29 AM,0.85,0.05,25.12,24.08,3.04E+13,B
KIDS_225.0_-0.5,225,-0.5,i,07/26/14 02:15 AM,0.63,0.05,24.27,23.36,1.34E+13,B
KIDS_236.0_0.5,236,0.5,g,07/09/15 02:45 AM,0.8,0.04,25.17,24.02,1.63E+13,B
KIDS_214.6_-2.5,214.596,-2.478,i,03/24/13 05:06 AM,0.69,0.05,23.79,22.9,1.35E+13,B
KIDS_236.0_0.5,236,0.5,u,04/15/15 07:46 AM,1.19,0.06,24.11,22.72,3.28E+12,B
KIDS_219.0_1.5,219,1.489,g,04/04/14 08:47 AM,1.06,0.04,24.98,23.74,1.63E+13,A
KIDS_211.0_-1.5,211,-1.489,r,07/19/14 11:26 PM,0.62,0.05,24.98,24.15,3.06E+13,B
KIDS_343.9_-30.2,343.898,-30.17,r,09/24/14 02:25 AM,0.81,0.06,25,23.94,3.08E+13,B
KIDS_137.4_2.5,137.382,2.478,g,02/24/14 04:53 AM,0.85,0.04,25.06,23.93,1.71E+13,B
KIDS_177.5_-2.5,177.493,-2.478,u,02/01/14 06:47 AM,1.19,0.03,24.27,23.15,3.35E+12,B
KIDS_37.2_-34.1,37.2,-34.126,g,12/19/14 03:31 AM,0.64,0.05,25.23,24.29,1.71E+13,B
KIDS_211.0_-1.5,211,-1.489,g,03/25/14 07:05 AM,0.76,0.04,24.74,23.75,1.66E+13,B
KIDS_137.4_2.5,137.382,2.478,r,01/30/14 05:33 AM,0.71,0.04,24.93,23.99,2.92E+13,A
KIDS_137.4_2.5,137.382,2.478,u,02/13/13 03:07 AM,1.11,0.03,24.18,22.85,3.26E+12,A
KIDS_177.5_-2.5,177.493,-2.478,g,02/24/14 08:37 AM,0.77,0.04,24.68,23.66,1.67E+13,B
KIDS_51.1_-33.1,51.089,-33.137,g,02/21/14 01:33 AM,1.04,0.05,25.13,23.94,1.64E+13,A
KIDS_211.0_-1.5,211,-1.489,i,01/28/13 06:35 AM,0.81,0.05,23.44,22.37,1.32E+13,C
KIDS_134.0_1.5,134,1.489,u,04/11/13 12:31 AM,0.85,0.03,24.07,22.74,3.23E+12,B
KIDS_232.0_0.5,232,0.5,g,05/21/15 06:36 AM,0.99,0.06,25.1,23.89,1.65E+13,A
KIDS_357.6_-32.1,357.647,-32.148,i,06/06/12 07:46 AM,1.09,0.05,23.37,22.1,1.30E+13,B
KIDS_358.8_-32.1,358.824,-32.148,u,11/06/13 03:26 AM,0.76,0.04,24.1,22.78,3.29E+12,B
KIDS_343.9_-30.2,343.898,-30.17,g,09/21/14 02:00 AM,0.81,0.04,25.08,24.05,1.65E+13,B
KIDS_210.6_2.5,210.585,2.478,r,05/13/15 04:23 AM,0.54,0.05,24.84,24.04,2.94E+13,A
KIDS_210.6_2.5,210.585,2.478,u,04/14/15 04:59 AM,1.16,0.06,24.02,22.6,3.02E+12,A
KIDS_358.8_-32.1,358.824,-32.148,r,10/01/13 02:46 AM,0.61,0.04,25.06,24.23,3.10E+13,B
KIDS_217.0_1.5,217,1.489,i,02/25/13 06:32 AM,0.62,0.05,23.36,22.42,1.36E+13,B
KIDS_185.5_2.5,185.515,2.478,i,01/25/13 06:32 AM,0.78,0.04,23.53,22.49,1.37E+13,B
KIDS_358.8_-32.1,358.824,-32.148,g,11/24/14 02:25 AM,0.64,0.05,25.16,24.23,1.75E+13,A
KIDS_210.6_2.5,210.585,2.478,g,06/09/15 02:11 AM,0.89,0.04,25.23,24.07,1.66E+13,B
KIDS_211.6_-2.5,211.588,-2.478,g,07/12/15 12:49 AM,0.88,0.04,24.9,23.79,1.34E+13,B
KIDS_42.0_-34.1,42,-34.126,g,12/25/14 02:03 AM,1.05,0.04,25.24,24.07,1.74E+13,A
KIDS_234.0_0.5,234,0.5,g,04/09/14 09:13 AM,0.76,0.05,25.05,24,1.67E+13,B
KIDS_186.5_2.5,186.518,2.478,u,02/21/13 07:57 AM,1.05,0.04,24.22,22.94,3.23E+12,B
KIDS_348.0_-34.1,348,-34.126,u,07/27/14 07:15 AM,1.21,0.04,24.36,23.02,3.48E+12,C
KIDS_336.7_-31.2,336.699,-31.159,i,07/03/12 04:19 AM,0.69,0.05,23.03,22.04,1.30E+13,C
KIDS_42.0_-34.1,42,-34.126,u,01/15/15 01:39 AM,0.96,0.04,24.34,23.17,3.31E+12,A
KIDS_353.0_-31.2,353.01,-31.159,g,10/28/13 04:41 AM,0.75,0.05,25.07,24.09,1.63E+13,A
KIDS_234.0_0.5,234,0.5,u,04/15/15 06:53 AM,1.21,0.06,24.19,22.68,3.35E+12,B
KIDS_50.1_-31.2,50.097,-31.159,i,11/08/11 06:24 AM,0.66,0.05,23.81,22.93,1.39E+13,A
KIDS_238.0_1.5,238,1.489,u,05/18/15 05:52 AM,1,0.03,24.25,23.03,3.26E+12,A
KIDS_234.0_0.5,234,0.5,r,04/01/15 08:28 AM,0.56,0.05,24.94,24.07,2.98E+13,A
KIDS_176.0_0.5,176,0.5,g,03/28/14 03:12 AM,0.84,0.05,25.04,23.95,1.66E+13,B
KIDS_176.0_0.5,176,0.5,i,12/25/12 06:30 AM,1.03,0.05,23.63,22.34,1.32E+13,B
KIDS_48.2_-32.1,48.235,-32.148,i,11/07/11 07:04 AM,0.6,0.05,23.85,22.94,1.37E+13,B
KIDS_186.5_-2.5,186.518,-2.478,u,07/01/13 11:29 PM,1.26,0.06,24.19,23.09,3.31E+12,B
KIDS_344.4_-34.1,344.4,-34.126,g,06/22/14 06:26 AM,0.89,0.04,25.17,24.04,1.67E+13,A
KIDS_354.1_-33.1,354.059,-33.137,i,05/09/12 08:36 AM,0.75,0.05,23.47,22.51,1.30E+13,B
KIDS_140.4_2.5,140.39,2.478,u,03/20/12 01:53 AM,0.88,0.03,24.25,23.05,3.31E+12,A
KIDS_212.0_-0.5,212,-0.5,r,03/26/14 05:30 AM,0.73,0.06,24.8,23.83,3.00E+13,B
KIDS_138.0_1.5,138,1.489,i,05/08/12 01:02 AM,0.83,0.05,23.4,22.36,1.32E+13,B
KIDS_354.1_-33.1,354.059,-33.137,g,10/28/13 03:47 AM,0.63,0.05,25.16,24.32,1.69E+13,A
KIDS_223.0_0.5,223,0.5,u,03/01/14 08:48 AM,0.84,0.04,24.26,22.95,3.34E+12,B
KIDS_180.0_0.5,180,0.5,u,03/01/12 05:22 AM,0.95,0.04,24.22,23.14,3.21E+12,A
KIDS_223.0_0.5,223,0.5,r,07/12/13 01:29 AM,0.55,0.05,24.99,24.15,3.13E+13,B
KIDS_218.0_-0.5,218,-0.5,u,03/30/14 05:33 AM,1.21,0.05,24.21,22.84,3.32E+12,B
KIDS_173.0_-0.5,173,-0.5,i,07/04/12 11:21 PM,0.77,0.04,23.59,22.55,1.32E+13,B
KIDS_346.0_-31.2,346.019,-31.159,g,10/26/13 12:09 AM,0.82,0.04,25.11,24.04,1.71E+13,B
KIDS_212.0_-0.5,212,-0.5,u,03/12/14 08:20 AM,0.99,0.03,24.13,22.69,3.08E+12,A
KIDS_211.0_-0.5,211,-0.5,i,07/30/12 12:16 AM,0.65,0.05,23.46,22.52,1.31E+13,B
KIDS_350.8_-30.2,350.799,-30.17,r,09/27/14 01:52 AM,0.76,0.05,24.54,23.55,2.22E+13,B
KIDS_336.2_-33.1,336.238,-33.137,i,09/21/12 12:06 AM,0.89,0.04,23.96,22.85,1.32E+13,A
KIDS_330.6_-32.1,330.588,-32.148,u,10/10/14 11:55 PM,1.15,0.03,24.22,23.09,3.43E+12,B
KIDS_32.9_-32.1,32.941,-32.148,i,01/11/12 01:27 AM,0.65,0.05,23.76,22.83,1.36E+13,B
KIDS_350.8_-30.2,350.799,-30.17,i,07/03/12 07:24 AM,0.83,0.05,23.5,22.41,1.31E+13,B
KIDS_183.0_-1.5,183,-1.489,i,07/18/14 11:30 PM,1.03,0.05,23.74,22.57,1.34E+13,B
KIDS_211.0_-0.5,211,-0.5,u,03/28/14 05:27 AM,1.23,0.05,24.11,22.92,3.19E+12,A
KIDS_329.4_-32.1,329.412,-32.148,i,07/01/12 03:19 AM,0.77,0.05,23.37,22.37,1.27E+13,B
KIDS_134.4_2.5,134.373,2.478,r,02/24/14 03:28 AM,0.93,0.06,25.01,23.87,3.14E+13,B
KIDS_183.0_-1.5,183,-1.489,g,05/21/12 01:28 AM,0.85,0.04,25.12,24.05,1.66E+13,B
KIDS_211.0_-0.5,211,-0.5,g,06/18/15 11:39 PM,1.06,0.05,25.13,23.9,1.64E+13,B
KIDS_41.6_-33.1,41.584,-33.137,i,07/03/12 08:56 AM,0.85,0.05,23.34,22.25,1.29E+13,C
KIDS_134.4_2.5,134.373,2.478,g,02/28/14 12:41 AM,0.91,0.04,24.94,23.81,1.54E+13,A
KIDS_224.0_-0.5,224,-0.5,g,06/22/14 03:18 AM,0.92,0.04,25.19,24.03,1.69E+13,B
KIDS_175.5_-2.5,175.487,-2.478,r,02/26/14 04:06 AM,0.81,0.05,24.85,23.76,2.94E+13,B
KIDS_175.5_-2.5,175.487,-2.478,i,01/26/13 06:46 AM,0.78,0.05,23.62,22.61,1.37E+13,B
KIDS_40.8_-31.2,40.777,-31.159,i,01/14/12 01:03 AM,0.62,0.05,24.12,23.28,1.35E+13,B
KIDS_221.0_-1.5,221,-1.489,u,03/28/14 07:09 AM,0.99,0.04,24.1,22.87,3.23E+12,B
KIDS_337.6_-32.1,337.647,-32.148,g,06/25/15 05:49 AM,0.88,0.05,25.07,23.92,1.61E+13,B
KIDS_0.0_-31.2,0,-31.159,i,10/05/11 06:48 AM,0.55,0.06,24.17,23.34,1.35E+13,C
KIDS_178.0_-1.5,178,-1.489,u,04/23/12 03:00 AM,1.03,0.03,24.18,23.08,3.34E+12,B
KIDS_40.4_-33.1,40.396,-33.137,u,09/28/14 07:11 AM,1.24,0.03,24.35,23.14,3.49E+12,B
KIDS_353.0_-31.2,353.01,-31.159,u,11/10/12 12:57 AM,1.09,0.07,24.33,22.93,3.49E+12,B
KIDS_182.5_-2.5,182.507,-2.478,i,01/26/13 06:16 AM,0.89,0.05,23.57,22.47,1.36E+13,B
KIDS_174.0_1.5,174,1.489,i,06/28/14 11:36 PM,0.8,0.04,23.86,22.8,1.35E+13,B
KIDS_182.5_-2.5,182.507,-2.478,u,02/01/14 07:13 AM,1,0.04,24.28,22.92,3.36E+12,B
KIDS_332.7_-33.1,332.673,-33.137,g,05/10/14 08:44 AM,0.8,0.04,24.96,23.87,1.71E+13,B
KIDS_218.0_0.5,218,0.5,u,04/09/14 07:35 AM,0.67,0.05,24.1,22.78,3.18E+12,B
KIDS_178.5_-2.5,178.496,-2.478,i,12/30/12 06:20 AM,0.78,0.06,23.48,22.44,1.37E+13,C
KIDS_174.0_1.5,174,1.489,g,02/20/12 05:59 AM,0.63,0.04,25.14,24.18,1.73E+13,A
KIDS_220.0_0.5,220,0.5,u,03/08/14 08:36 AM,1.18,0.04,24.17,22.66,3.32E+12,B
KIDS_342.0_-34.1,342,-34.126,r,10/07/13 02:38 AM,0.64,0.04,25.1,24.15,3.18E+13,A
KIDS_187.0_1.5,187,1.489,g,06/27/13 01:20 AM,0.95,0.05,24.87,23.75,1.62E+13,B
KIDS_52.8_-34.1,52.8,-34.126,g,01/19/15 03:42 AM,1.21,0.05,25.22,23.89,1.58E+13,A
KIDS_187.0_1.5,187,1.489,u,04/11/13 03:56 AM,0.95,0.08,24.13,22.99,3.33E+12,B
KIDS_236.0_-0.5,236,-0.5,g,07/09/15 03:08 AM,0.82,0.06,25.14,24.02,1.61E+13,A
KIDS_216.0_1.5,216,1.489,i,08/02/12 12:30 AM,0.88,0.04,23.25,22.19,1.29E+13,C
KIDS_132.0_-1.5,132,-1.489,u,01/02/12 05:21 AM,0.97,0.04,24.31,23.22,3.29E+12,B
KIDS_214.0_-0.5,214,-0.5,r,04/03/14 06:44 AM,0.63,0.05,24.81,23.96,3.22E+13,B
KIDS_356.4_-33.1,356.436,-33.137,i,09/24/12 12:21 AM,1.18,0.06,23.54,22.21,1.35E+13,C
KIDS_211.6_2.5,211.588,2.478,r,06/22/14 12:37 AM,0.61,0.05,25.03,24.14,3.14E+13,B
KIDS_216.0_1.5,216,1.489,u,03/01/14 08:15 AM,0.98,0.04,24.26,22.88,3.33E+12,B
KIDS_352.8_-34.1,352.8,-34.126,u,10/11/14 12:44 AM,1.14,0.04,24.18,22.87,3.32E+12,B
KIDS_162.0_0.5,162,0.5,r,01/29/15 08:09 AM,0.84,0.04,25.05,23.94,2.91E+13,B
KIDS_216.6_-2.5,216.602,-2.478,u,04/14/13 05:50 AM,0.73,0.04,24.09,22.73,3.35E+12,B
KIDS_187.5_-2.5,187.521,-2.478,i,03/12/14 04:14 AM,0.52,0.06,23.75,22.92,1.27E+13,B
KIDS_162.0_0.5,162,0.5,g,01/27/15 05:48 AM,0.78,0.06,25.13,24.02,1.62E+13,B
KIDS_187.5_-2.5,187.521,-2.478,r,03/10/14 06:02 AM,0.65,0.05,24.92,24.01,3.17E+13,B
KIDS_162.0_0.5,162,0.5,i,01/24/13 04:39 AM,0.64,0.06,23.72,22.77,1.37E+13,B
KIDS_347.1_-32.1,347.059,-32.148,i,10/03/11 02:14 AM,0.74,0.05,24.15,23.19,1.37E+13,B
KIDS_138.0_-0.5,138,-0.5,i,05/05/12 02:11 AM,0.85,0.05,23.15,21.94,1.28E+13,B
KIDS_356.4_-33.1,356.436,-33.137,r,09/29/13 02:04 AM,0.7,0.04,25.04,24.15,3.08E+13,B
KIDS_220.6_2.5,220.613,2.478,u,03/28/14 07:34 AM,0.96,0.04,24.07,22.6,3.14E+12,B
KIDS_220.6_2.5,220.613,2.478,r,04/04/14 04:48 AM,0.6,0.05,24.89,24,3.10E+13,B
KIDS_35.0_-31.2,34.951,-31.159,g,12/20/14 03:13 AM,0.67,0.06,25.17,24.35,1.74E+13,B
KIDS_137.0_-1.5,137,-1.489,i,04/08/12 12:25 AM,0.76,0.05,23.51,22.46,1.27E+13,B
KIDS_138.0_-0.5,138,-0.5,r,01/07/14 07:03 AM,0.75,0.04,25.09,24.06,2.94E+13,A
KIDS_34.8_-34.1,34.8,-34.126,g,12/20/14 02:18 AM,0.54,0.05,25.26,24.37,1.77E+13,B
KIDS_352.8_-34.1,352.8,-34.126,g,09/21/14 03:32 AM,0.88,0.06,25.2,24.11,1.66E+13,C
KIDS_184.5_2.5,184.513,2.478,r,04/27/14 02:41 AM,0.79,0.05,24.83,23.83,3.12E+13,A
KIDS_184.5_2.5,184.513,2.478,i,01/25/13 05:59 AM,0.73,0.05,23.52,22.53,1.36E+13,B
KIDS_174.5_2.5,174.485,2.478,g,04/28/14 03:02 AM,0.72,0.04,25.13,24.17,1.70E+13,A
KIDS_350.8_-30.2,350.799,-30.17,u,10/26/13 01:03 AM,0.93,0.04,24.28,23.26,3.50E+12,C
KIDS_223.0_0.5,223,0.5,i,08/02/12 01:57 AM,1.01,0.04,23.15,21.86,1.26E+13,C
KIDS_32.9_-32.1,32.941,-32.148,u,12/11/12 03:03 AM,1.17,0.05,24.22,23.15,3.32E+12,A
KIDS_329.7_-31.2,329.709,-31.159,g,09/22/14 01:26 AM,0.8,0.05,25.16,24.06,1.69E+13,A
KIDS_32.9_-32.1,32.941,-32.148,r,11/18/12 01:18 AM,0.66,0.05,25.04,24.09,2.95E+13,A
KIDS_331.8_-32.1,331.765,-32.148,r,07/17/15 07:08 AM,0.72,0.05,25.2,24.22,3.07E+13,B
KIDS_223.0_0.5,223,0.5,g,04/27/14 07:54 AM,1.16,0.06,25.03,23.77,1.60E+13,A
KIDS_338.8_-32.1,338.824,-32.148,u,09/19/11 01:49 AM,0.93,0.04,24.35,23.12,3.49E+12,B
KIDS_36.5_-32.1,36.471,-32.148,u,07/28/14 08:14 AM,1.09,0.04,24.23,23.07,3.20E+12,B
KIDS_134.4_2.5,134.373,2.478,u,04/28/13 11:43 PM,0.94,0.03,24.15,22.79,3.27E+12,B
KIDS_183.0_-1.5,183,-1.489,u,04/23/12 02:36 AM,1.01,0.06,24.22,22.97,3.38E+12,B
KIDS_330.6_-32.1,330.588,-32.148,r,05/21/15 08:16 AM,0.67,0.06,24.89,23.94,2.98E+13,B
KIDS_183.0_-1.5,183,-1.489,r,02/18/13 07:53 AM,0.62,0.05,25.03,24.21,3.23E+13,B
KIDS_329.4_-32.1,329.412,-32.148,r,07/20/14 04:45 AM,0.55,0.05,25.17,24.4,3.12E+13,B
KIDS_175.5_-2.5,175.487,-2.478,u,01/28/14 08:11 AM,1.14,0.03,24.32,23.08,3.36E+12,B
KIDS_160.0_0.5,160,0.5,u,01/17/15 06:40 AM,1.03,0.03,24.3,23.16,3.32E+12,B
KIDS_186.0_-1.5,186,-1.489,r,02/28/14 06:53 AM,0.85,0.04,24.97,23.87,3.14E+13,A
KIDS_337.6_-32.1,337.647,-32.148,u,09/01/14 02:45 AM,1.26,0.04,24.18,23.01,3.41E+12,B
KIDS_160.0_0.5,160,0.5,r,01/30/15 07:08 AM,0.96,0.04,24.87,23.73,2.83E+13,B
KIDS_186.0_-1.5,186,-1.489,g,01/23/15 08:19 AM,0.73,0.05,25.14,24.09,1.76E+13,B
KIDS_217.6_-2.5,217.604,-2.478,u,07/17/14 11:27 PM,0.9,0.04,24.26,23.02,3.36E+12,B
KIDS_337.6_-32.1,337.647,-32.148,r,07/17/15 05:40 AM,0.75,0.04,25.19,24.15,3.04E+13,B
KIDS_348.1_-33.1,348.119,-33.137,u,08/02/14 05:34 AM,1.06,0.04,24.31,23,3.32E+12,B
KIDS_160.0_0.5,160,0.5,i,12/27/12 05:24 AM,0.68,0.05,23.09,22.08,9.97E+12,C
KIDS_180.0_0.5,180,0.5,g,02/29/12 08:50 AM,0.76,0.06,24.97,23.98,1.57E+13,B
KIDS_140.4_2.5,140.39,2.478,i,03/28/12 01:26 AM,0.79,0.06,24,22.9,1.39E+13,B
KIDS_140.4_2.5,140.39,2.478,g,01/28/14 05:50 AM,0.76,0.05,25.14,24.12,1.64E+13,A
KIDS_1.2_-33.1,1.188,-33.137,g,07/29/14 05:59 AM,0.7,0.04,25.23,24.26,1.71E+13,B
KIDS_47.5_-33.1,47.525,-33.137,g,02/23/14 12:57 AM,1.09,0.04,25.1,23.87,1.66E+13,A
KIDS_41.9_-31.2,41.942,-31.159,i,01/13/12 03:30 AM,0.86,0.04,23.47,22.45,1.32E+13,B
KIDS_223.0_1.5,223,1.489,i,01/20/14 08:14 AM,0.73,0.05,23.66,22.66,1.26E+13,B
KIDS_213.6_2.5,213.593,2.478,u,03/09/14 07:04 AM,1.06,0.05,24.16,22.8,3.30E+12,A
KIDS_236.0_0.5,236,0.5,r,07/19/14 01:25 AM,0.66,0.04,25.07,24.1,3.05E+13,A
KIDS_177.5_-2.5,177.493,-2.478,r,02/01/14 07:38 AM,0.59,0.05,24.96,24.16,2.86E+13,B
KIDS_44.0_-33.1,43.96,-33.137,g,11/29/13 02:59 AM,0.68,0.04,25.18,24.17,1.71E+13,B
KIDS_238.0_1.5,238,1.489,g,07/18/15 03:31 AM,1.06,0.05,25.11,23.95,1.54E+13,A
KIDS_134.0_1.5,134,1.489,i,05/07/12 11:28 PM,0.72,0.04,23.76,22.77,1.33E+13,B
KIDS_232.0_0.5,232,0.5,i,02/12/14 07:44 AM,0.84,0.05,23.79,22.66,1.36E+13,B
KIDS_51.8_-32.1,51.765,-32.148,u,01/20/15 01:20 AM,0.89,0.04,24.38,23.06,3.44E+12,B
KIDS_185.5_2.5,185.515,2.478,u,04/04/14 02:55 AM,1.09,0.04,24.17,22.89,3.26E+12,B
KIDS_48.3_-30.2,48.307,-30.17,g,01/27/14 02:06 AM,0.9,0.04,25.05,23.85,1.55E+13,A
KIDS_50.4_-34.1,50.4,-34.126,u,01/15/15 02:07 AM,1,0.04,24.36,23.16,3.33E+12,B
KIDS_344.4_-34.1,344.4,-34.126,i,06/06/12 06:09 AM,1.12,0.04,23.11,21.89,1.28E+13,B
KIDS_336.7_-31.2,336.699,-31.159,r,06/20/15 08:25 AM,0.63,0.04,25,24.1,2.80E+13,A
KIDS_357.7_-31.2,357.67,-31.159,i,09/30/11 08:13 AM,0.76,0.05,23.83,22.88,1.30E+13,B
KIDS_186.5_2.5,186.518,2.478,g,01/27/15 07:31 AM,0.96,0.04,25.09,23.94,1.60E+13,A
KIDS_186.5_-2.5,186.518,-2.478,g,02/13/13 08:17 AM,0.79,0.04,25.06,24.08,1.69E+13,B
KIDS_176.0_0.5,176,0.5,u,03/19/12 05:34 AM,0.84,0.04,24.15,22.47,3.26E+12,B
KIDS_356.4_-33.1,356.436,-33.137,u,11/10/12 02:06 AM,0.91,0.04,24.3,23.21,3.43E+12,A
KIDS_237.7_2.5,237.66,2.478,r,05/09/14 06:38 AM,0.83,0.04,24.88,23.79,3.10E+13,B
KIDS_331.5_-33.1,331.485,-33.137,r,05/21/15 08:56 AM,0.61,0.05,24.94,24.12,3.01E+13,B
KIDS_354.0_-34.1,354,-34.126,r,07/17/15 06:18 AM,0.82,0.04,25.24,24.26,3.03E+13,A
KIDS_352.8_-34.1,352.8,-34.126,r,11/25/14 01:07 AM,0.82,0.04,25.05,23.99,3.18E+13,B
KIDS_51.1_-33.1,51.089,-33.137,r,10/31/13 07:05 AM,0.79,0.04,24.91,23.89,3.07E+13,B
KIDS_178.0_-1.5,178,-1.489,r,02/19/13 06:19 AM,0.55,0.06,25,24.24,3.23E+13,B
KIDS_0.0_-31.2,0,-31.159,g,11/06/13 03:53 AM,0.67,0.05,25.07,24.08,1.66E+13,B
KIDS_140.0_0.5,140,0.5,u,04/12/13 12:02 AM,0.86,0.04,24.22,22.94,3.34E+12,B
KIDS_178.0_-1.5,178,-1.489,g,05/21/12 12:42 AM,0.67,0.04,25.12,24.22,1.66E+13,B
KIDS_140.0_0.5,140,0.5,r,05/30/13 11:16 PM,0.65,0.05,24.78,23.86,3.11E+13,B
KIDS_176.0_-1.5,176,-1.489,r,03/07/13 04:24 AM,0.55,0.06,25,24.2,3.13E+13,B
KIDS_189.0_-0.5,189,-0.5,i,12/19/13 07:41 AM,1.26,0.06,23.46,22.21,1.30E+13,B
KIDS_161.0_0.5,161,0.5,i,12/28/12 05:28 AM,0.83,0.05,23.29,22.21,1.36E+13,B
KIDS_189.0_-0.5,189,-0.5,g,05/20/15 01:30 AM,0.79,0.05,25.19,24.18,1.75E+13,B
KIDS_50.4_-34.1,50.4,-34.126,g,11/03/14 08:10 AM,0.98,0.04,25.15,23.98,1.64E+13,B
KIDS_176.0_-0.5,176,-0.5,r,02/20/13 06:21 AM,0.86,0.07,25.03,24,3.20E+13,B
KIDS_211.0_1.5,211,1.489,i,07/08/12 02:54 AM,0.59,0.06,23.72,22.92,1.30E+13,B
KIDS_211.0_1.5,211,1.489,u,04/22/14 03:49 AM,0.8,0.04,24.08,22.63,3.08E+12,B
KIDS_336.2_-33.1,336.238,-33.137,u,07/21/14 04:57 AM,1.16,0.04,24.33,22.97,3.33E+12,A
KIDS_161.0_0.5,161,0.5,u,01/17/15 07:06 AM,0.93,0.04,24.29,22.99,3.35E+12,B
KIDS_42.4_-32.1,42.353,-32.148,i,07/04/12 09:38 AM,0.98,0.04,23.36,22.13,1.29E+13,C
KIDS_50.1_-31.2,50.097,-31.159,g,12/26/14 04:04 AM,0.79,0.04,25.22,24.27,1.72E+13,A
KIDS_42.4_-32.1,42.353,-32.148,u,10/23/14 07:00 AM,1.13,0.04,23.98,22.95,2.88E+12,B
KIDS_161.0_0.5,161,0.5,r,01/29/15 06:19 AM,0.63,0.06,24.85,24.03,2.95E+13,B
KIDS_330.3_-33.1,330.297,-33.137,i,05/31/12 06:24 AM,0.86,0.04,23.64,22.52,1.30E+13,B
KIDS_134.0_-1.5,134,-1.489,r,01/03/14 06:41 AM,0.75,0.06,25.05,24.06,3.07E+13,A
KIDS_141.4_2.5,141.393,2.478,i,11/04/14 07:47 AM,0.81,0.05,23.63,22.58,1.28E+13,A
KIDS_42.4_-32.1,42.353,-32.148,r,01/02/14 01:44 AM,0.69,0.05,25.14,24.18,3.05E+13,B
KIDS_50.1_-31.2,50.097,-31.159,r,10/21/14 04:36 AM,0.8,0.04,25.11,24.1,3.18E+13,B
KIDS_51.1_-33.1,51.089,-33.137,u,01/28/14 01:46 AM,1.15,0.03,24.17,22.59,3.21E+12,B
KIDS_225.0_0.5,225,0.5,i,02/13/14 06:46 AM,0.75,0.05,23.57,22.57,1.34E+13,B
KIDS_134.0_-1.5,134,-1.489,i,06/03/12 11:37 PM,1.04,0.04,23.23,22,1.27E+13,B
KIDS_224.0_1.5,224,1.489,u,07/24/14 11:43 PM,1.24,0.07,24.27,22.85,3.32E+12,B
KIDS_188.0_0.5,188,0.5,g,05/20/15 01:06 AM,0.77,0.06,25.21,24.2,1.75E+13,A
KIDS_184.5_-2.5,184.513,-2.478,r,03/01/14 05:29 AM,0.72,0.05,24.87,23.9,3.16E+13,B
KIDS_188.0_0.5,188,0.5,u,05/21/15 12:29 AM,1.19,0.03,24.18,22.85,3.36E+12,B
KIDS_337.2_-29.2,337.215,-29.181,r,07/17/15 04:58 AM,0.7,0.05,25.15,24.22,3.04E+13,A
KIDS_36.8_-33.1,36.832,-33.137,u,01/16/15 01:31 AM,1.01,0.04,24.27,23.16,3.22E+12,B
KIDS_223.6_2.5,223.621,2.478,g,07/20/14 02:06 AM,0.76,0.07,25.11,24.06,1.62E+13,B
KIDS_183.5_2.5,183.51,2.478,u,02/01/14 08:17 AM,0.93,0.04,24.24,23.15,3.33E+12,B
KIDS_224.0_0.5,224,0.5,i,02/22/13 07:29 AM,0.6,0.05,24.06,23.2,1.39E+13,B
KIDS_183.5_2.5,183.51,2.478,r,04/23/14 03:13 AM,0.88,0.05,24.84,23.74,3.08E+13,B
KIDS_223.6_2.5,223.621,2.478,i,02/26/13 07:42 AM,0.91,0.04,23.39,22.24,1.37E+13,B
KIDS_183.5_2.5,183.51,2.478,i,01/24/13 06:31 AM,0.73,0.05,23.72,22.73,1.37E+13,B
KIDS_183.5_2.5,183.51,2.478,g,05/11/15 12:41 AM,1.02,0.05,25.2,24.05,1.74E+13,B
KIDS_217.6_2.5,217.604,2.478,u,04/03/14 05:24 AM,0.84,0.04,24.07,22.74,3.36E+12,A
KIDS_35.6_-33.1,35.644,-33.137,g,11/03/14 07:41 AM,1.09,0.05,25.09,23.92,1.59E+13,B
KIDS_342.4_-32.1,342.353,-32.148,i,10/03/11 01:10 AM,0.69,0.05,24.06,23.11,1.36E+13,A
KIDS_43.7_-30.2,43.706,-30.17,r,10/11/13 07:21 AM,0.86,0.05,24.99,23.94,3.15E+13,B
KIDS_187.5_2.5,187.521,2.478,i,03/12/14 03:35 AM,0.61,0.06,23.72,22.8,1.26E+13,B
KIDS_216.0_-1.5,216,-1.489,g,04/03/14 08:03 AM,0.95,0.04,25,23.82,1.74E+13,B
KIDS_330.6_-32.1,330.588,-32.148,g,09/21/14 02:58 AM,0.75,0.05,25.19,24.15,1.65E+13,B
KIDS_174.5_-2.5,174.485,-2.478,r,02/24/14 05:21 AM,0.83,0.06,24.93,23.94,3.17E+13,B
KIDS_178.5_2.5,178.496,2.478,i,12/28/12 07:03 AM,0.98,0.05,23.36,22.23,1.38E+13,C
KIDS_215.0_-0.5,215,-0.5,g,05/18/15 04:16 AM,0.86,0.04,25.17,24.09,1.64E+13,A
KIDS_207.0_-0.5,207,-0.5,u,05/19/15 02:51 AM,1.03,0.04,24.29,23.04,3.37E+12,B
KIDS_178.5_-2.5,178.496,-2.478,g,03/30/14 02:58 AM,1.13,0.05,25.03,23.82,1.64E+13,A
KIDS_51.6_-34.1,51.6,-34.126,g,01/17/15 02:07 AM,1.14,0.04,25.26,24.02,1.60E+13,A
KIDS_185.5_2.5,185.515,2.478,g,05/11/15 12:19 AM,0.9,0.04,25.18,24.09,1.73E+13,B
KIDS_352.8_-34.1,352.8,-34.126,i,08/24/12 05:05 AM,0.86,0.04,24.28,23.17,1.38E+13,A
KIDS_41.9_-31.2,41.942,-31.159,u,12/26/14 03:07 AM,0.94,0.04,24.1,22.89,3.29E+12,B
KIDS_340.8_-34.1,340.8,-34.126,u,10/26/13 02:11 AM,0.9,0.04,24.19,23.1,3.40E+12,A
KIDS_335.3_-32.1,335.294,-32.148,r,07/17/15 08:33 AM,0.89,0.04,25.09,23.99,3.04E+13,A
KIDS_331.5_-33.1,331.485,-33.137,u,07/27/14 04:53 AM,1.01,0.05,24.31,23.13,3.43E+12,B
KIDS_218.0_-1.5,218,-1.489,u,04/09/14 07:10 AM,0.65,0.04,24.15,22.98,3.29E+12,A
KIDS_218.0_-1.5,218,-1.489,r,06/21/14 02:14 AM,0.71,0.04,25.09,24.14,3.08E+13,A
KIDS_237.7_2.5,237.66,2.478,u,07/18/14 01:54 AM,1.11,0.03,24.28,22.66,3.16E+12,A
KIDS_134.0_0.5,134,0.5,r,02/21/14 01:58 AM,0.8,0.05,25.11,24.07,3.15E+13,A
KIDS_134.0_0.5,134,0.5,u,01/06/14 08:00 AM,1.16,0.03,24.22,23.07,3.17E+12,B
KIDS_224.0_-1.5,224,-1.489,g,06/23/12 12:39 AM,0.89,0.06,25.17,24.14,1.74E+13,A
KIDS_237.7_2.5,237.66,2.478,i,03/17/14 07:57 AM,0.66,0.06,23.27,22.23,1.24E+13,B
KIDS_331.5_-33.1,331.485,-33.137,i,06/30/12 04:27 AM,0.88,0.05,23.47,22.32,1.27E+13,B
KIDS_235.0_-0.5,235,-0.5,u,04/15/15 07:18 AM,1.11,0.07,24.15,22.79,3.34E+12,B
KIDS_235.0_-0.5,235,-0.5,r,07/11/13 02:38 AM,0.65,0.04,24.89,23.95,3.11E+13,B
KIDS_232.0_-0.5,232,-0.5,r,07/16/15 01:22 AM,0.74,0.04,25,24.02,2.92E+13,B
KIDS_47.5_-33.1,47.525,-33.137,r,12/04/12 12:52 AM,0.72,0.05,25.16,24.26,3.01E+13,B
KIDS_331.8_-32.1,331.765,-32.148,i,07/01/12 03:51 AM,0.65,0.05,23.44,22.42,1.28E+13,B
KIDS_235.0_-0.5,235,-0.5,i,05/10/14 03:35 AM,0.59,0.07,23.87,22.95,1.37E+13,A
KIDS_214.6_-2.5,214.596,-2.478,r,07/20/14 12:09 AM,0.55,0.05,25.04,24.21,3.09E+13,B
KIDS_169.0_0.5,169,0.5,u,01/19/15 06:41 AM,1.11,0.04,24.29,23.02,3.28E+12,B
KIDS_214.0_-0.5,214,-0.5,g,01/27/15 08:18 AM,0.84,0.05,25.02,23.96,1.58E+13,B
KIDS_169.0_0.5,169,0.5,r,01/21/15 07:06 AM,0.77,0.05,24.98,24.01,2.87E+13,C
KIDS_358.8_-33.1,358.812,-33.137,g,06/10/14 09:16 AM,1.18,0.06,25.1,23.91,1.66E+13,A
KIDS_169.0_0.5,169,0.5,g,12/26/14 08:02 AM,0.68,0.04,25.16,24.21,1.73E+13,B
KIDS_350.5_-33.1,350.495,-33.137,r,08/24/12 06:17 AM,0.79,0.05,25.11,24.06,3.19E+13,B
KIDS_50.6_-30.2,50.607,-30.17,r,11/18/12 06:35 AM,0.73,0.06,24.97,23.98,2.90E+13,B
KIDS_228.0_-0.5,228,-0.5,g,07/16/15 03:00 AM,0.91,0.06,25.08,23.95,1.52E+13,A
KIDS_350.4_-34.1,350.4,-34.126,i,07/03/12 06:53 AM,0.88,0.04,23.39,22.22,1.30E+13,C
KIDS_141.0_0.5,141,0.5,i,04/08/12 02:14 AM,0.92,0.04,23.48,22.28,1.28E+13,B
KIDS_331.8_-32.1,331.765,-32.148,u,10/24/14 12:18 AM,1.06,0.04,24.11,23.01,3.22E+12,B
KIDS_177.5_2.5,177.493,2.478,i,12/27/12 07:53 AM,0.85,0.06,23.38,22.33,9.96E+12,B
KIDS_354.0_-34.1,354,-34.126,i,08/24/12 05:42 AM,0.77,0.05,24.27,23.33,1.38E+13,B
KIDS_355.2_-33.1,355.248,-33.137,u,08/14/12 08:47 AM,1.07,0.03,24.15,23.06,3.28E+12,B
KIDS_51.8_-30.2,51.757,-30.17,u,01/16/15 02:03 AM,1.01,0.04,24.34,22.92,3.36E+12,B
KIDS_351.7_-33.1,351.683,-33.137,g,10/28/13 02:42 AM,0.63,0.04,25.18,24.3,1.72E+13,A
KIDS_346.8_-34.1,346.8,-34.126,i,07/01/12 06:21 AM,0.7,0.06,23.57,22.48,1.31E+13,C
KIDS_187.5_-2.5,187.521,-2.478,g,04/15/15 03:16 AM,0.96,0.06,25.06,23.83,1.58E+13,B
KIDS_355.2_-33.1,355.248,-33.137,g,11/05/12 02:18 AM,0.79,0.04,25.12,24.07,1.66E+13,B
KIDS_237.0_-0.5,237,-0.5,g,04/18/13 08:42 AM,0.77,0.05,25.06,23.99,1.68E+13,A
KIDS_333.9_-33.1,333.861,-33.137,g,05/10/14 09:12 AM,0.69,0.04,25.07,24.02,1.72E+13,B
KIDS_138.4_2.5,138.384,2.478,r,02/25/14 02:04 AM,0.93,0.05,24.94,23.84,2.91E+13,B
KIDS_233.0_-0.5,233,-0.5,u,08/03/15 12:08 AM,1.36,0.03,24.35,23.04,3.33E+12,B
KIDS_349.3_-33.1,349.307,-33.137,r,09/25/14 02:23 AM,0.85,0.05,25.04,23.99,3.02E+13,B
KIDS_337.4_-33.1,337.426,-33.137,g,05/08/14 08:44 AM,0.68,0.05,25.06,24.08,1.68E+13,A
KIDS_215.0_-1.5,215,-1.489,g,05/20/15 03:27 AM,1.15,0.03,25.2,23.91,1.75E+13,A
KIDS_32.9_-32.1,32.941,-32.148,g,11/27/13 04:45 AM,0.9,0.05,25.13,24.07,1.65E+13,A
KIDS_42.4_-32.1,42.353,-32.148,g,12/19/14 01:24 AM,0.58,0.06,25.33,24.47,1.76E+13,A
KIDS_216.6_2.5,216.602,2.478,r,03/27/14 04:51 AM,0.73,0.05,24.78,23.81,2.95E+13,B
KIDS_351.8_-32.1,351.765,-32.148,g,11/06/13 01:30 AM,0.92,0.04,25.15,24.04,1.71E+13,A
KIDS_174.0_-0.5,174,-0.5,g,03/28/14 02:45 AM,0.85,0.05,25.04,23.95,1.67E+13,B
KIDS_176.0_-0.5,176,-0.5,u,03/19/12 03:01 AM,1.08,0.04,24.17,22.81,3.26E+12,A
KIDS_50.6_-32.1,50.588,-32.148,g,02/23/14 01:21 AM,1.03,0.04,25.08,23.92,1.65E+13,A
KIDS_186.5_2.5,186.518,2.478,i,07/07/12 01:18 AM,0.7,0.05,23.45,22.53,1.27E+13,B
KIDS_336.7_-31.2,336.699,-31.159,g,05/21/15 07:54 AM,0.88,0.06,25.12,24.04,1.68E+13,A
KIDS_356.4_-33.1,356.436,-33.137,g,06/10/14 08:44 AM,0.97,0.07,25.02,23.85,1.66E+13,C
KIDS_340.4_-30.2,340.447,-30.17,g,07/20/14 04:23 AM,0.89,0.06,25.22,24.17,1.67E+13,A
KIDS_214.0_0.5,214,0.5,i,01/29/13 08:02 AM,0.75,0.05,23.58,22.51,1.37E+13,B
KIDS_218.0_-1.5,218,-1.489,g,07/08/15 11:52 PM,0.95,0.04,25.15,23.96,1.66E+13,A
KIDS_159.0_0.5,159,0.5,g,12/26/14 06:31 AM,0.78,0.05,25.13,24.01,1.69E+13,A
KIDS_214.6_-2.5,214.596,-2.478,u,06/19/15 01:18 AM,1.15,0.03,24.2,23.08,3.15E+12,A
KIDS_340.4_-30.2,340.447,-30.17,i,07/01/12 04:23 AM,0.74,0.05,23.37,22.35,1.28E+13,B
KIDS_169.0_0.5,169,0.5,i,12/28/12 06:00 AM,0.77,0.05,23.26,22.27,1.37E+13,C
KIDS_216.0_1.5,216,1.489,r,07/12/13 12:49 AM,0.57,0.05,24.96,24.06,3.13E+13,B
KIDS_141.0_0.5,141,0.5,r,01/29/14 05:34 AM,0.66,0.04,25.03,24.1,3.01E+13,A
KIDS_228.0_-0.5,228,-0.5,r,07/20/14 12:49 AM,0.57,0.05,25.12,24.26,3.09E+13,B
KIDS_337.4_-33.1,337.426,-33.137,r,11/12/14 12:27 AM,0.75,0.05,25.07,24.01,2.99E+13,A
KIDS_346.8_-34.1,346.8,-34.126,g,07/29/14 06:38 AM,0.85,0.06,25.26,24.13,1.73E+13,A
KIDS_46.8_-34.1,46.8,-34.126,u,10/29/13 05:58 AM,0.97,0.03,24.29,23.16,3.45E+12,B
KIDS_177.5_2.5,177.493,2.478,g,04/27/14 11:56 PM,0.86,0.04,25.12,24.04,1.67E+13,B
KIDS_177.5_2.5,177.493,2.478,u,03/06/13 06:57 AM,1.08,0.04,23.88,22.31,3.15E+12,B
KIDS_343.2_-34.1,343.2,-34.126,i,05/05/12 08:06 AM,0.63,0.05,23.15,22.18,1.30E+13,C
KIDS_350.5_-33.1,350.495,-33.137,g,11/05/12 01:53 AM,0.81,0.04,25.12,23.99,1.65E+13,B
KIDS_350.5_-33.1,350.495,-33.137,u,07/26/12 09:08 AM,0.83,0.03,24.09,22.46,3.38E+12,B
KIDS_332.7_-33.1,332.673,-33.137,i,07/29/12 02:08 AM,1,0.04,23.63,22.43,1.28E+13,B
KIDS_44.7_-32.1,44.706,-32.148,g,12/07/12 03:26 AM,0.71,0.05,25.26,24.18,1.77E+13,A
KIDS_168.0_0.5,168,0.5,g,12/24/14 08:01 AM,0.61,0.05,25.06,24.1,1.70E+13,B
KIDS_168.0_0.5,168,0.5,u,01/19/15 06:14 AM,1.03,0.04,24.27,23.06,3.23E+12,B
KIDS_168.0_0.5,168,0.5,r,01/18/15 07:39 AM,0.71,0.07,25.18,24.2,2.98E+13,A
KIDS_187.0_0.5,187,0.5,u,04/05/13 04:55 AM,1.07,0.03,24.16,23.25,3.26E+12,B
KIDS_188.0_-0.5,188,-0.5,g,05/20/15 12:36 AM,0.8,0.04,25.22,24.09,1.75E+13,A
KIDS_349.4_-32.1,349.412,-32.148,u,09/05/11 07:13 AM,1.03,0.06,24.3,23.08,3.46E+12,B
KIDS_354.1_-32.1,354.118,-32.148,u,10/12/12 01:58 AM,1.14,0.07,24.22,23.26,3.53E+12,A
KIDS_176.5_2.5,176.49,2.478,g,04/27/14 01:52 AM,0.77,0.05,25.13,24.13,1.71E+13,B
KIDS_354.1_-32.1,354.118,-32.148,r,07/12/13 06:40 AM,0.77,0.04,25.08,24.11,3.12E+13,A
KIDS_1.2_-33.1,1.188,-33.137,r,07/20/14 08:39 AM,0.7,0.05,24.93,23.95,3.14E+13,A
KIDS_223.6_-2.5,223.621,-2.478,i,07/12/14 02:29 AM,0.72,0.05,23.38,22.42,1.34E+13,B
KIDS_182.0_0.5,182,0.5,u,05/23/12 12:42 AM,1.12,0.04,24.18,23.06,3.21E+12,B
KIDS_182.0_0.5,182,0.5,r,02/19/13 07:34 AM,0.64,0.05,25.06,24.25,3.24E+13,A
KIDS_223.6_-2.5,223.621,-2.478,u,08/09/12 11:29 PM,1.17,0.05,24.1,22.51,3.26E+12,A
KIDS_221.6_-2.5,221.616,-2.478,i,03/24/13 06:38 AM,0.63,0.06,23.85,22.98,1.35E+13,B
KIDS_356.5_-31.2,356.505,-31.159,u,11/10/12 02:29 AM,0.88,0.05,24.3,23.07,3.40E+12,A
KIDS_40.4_-33.1,40.396,-33.137,g,08/25/14 08:59 AM,0.63,0.05,25.26,24.34,1.73E+13,B
KIDS_41.6_-33.1,41.584,-33.137,g,01/27/14 01:19 AM,0.85,0.04,25.09,24.02,1.58E+13,B
KIDS_133.0_-1.5,133,-1.489,r,12/11/13 06:22 AM,0.63,0.05,24.95,24,3.08E+13,A
KIDS_345.0_-30.2,345.048,-30.17,g,12/21/14 12:51 AM,1.11,0.06,24.91,23.78,1.65E+13,B
KIDS_185.5_-2.5,185.515,-2.478,g,01/22/15 07:55 AM,0.68,0.05,25.15,24.15,1.74E+13,A
KIDS_219.0_1.5,219,1.489,r,03/10/13 08:08 AM,0.81,0.05,25.04,23.99,3.21E+13,B
KIDS_219.0_1.5,219,1.489,i,07/04/12 02:42 AM,0.59,0.05,23.3,22.4,1.29E+13,B
KIDS_43.7_-30.2,43.706,-30.17,u,12/26/14 02:38 AM,1.08,0.04,24.23,23.08,3.40E+12,B
KIDS_335.3_-32.1,335.294,-32.148,i,08/21/12 01:56 AM,0.75,0.07,24.1,23.16,1.29E+13,A
KIDS_335.3_-32.1,335.294,-32.148,u,08/01/14 05:07 AM,0.94,0.04,24.34,23.22,3.31E+12,B
KIDS_218.0_0.5,218,0.5,g,05/18/15 05:23 AM,0.89,0.04,25.14,24.06,1.60E+13,B
KIDS_182.0_-0.5,182,-0.5,r,02/17/13 07:50 AM,0.48,0.06,25.08,24.36,3.18E+13,B
KIDS_177.0_1.5,177,1.489,u,03/31/12 04:59 AM,1.09,0.04,24.17,22.84,3.22E+12,B
KIDS_177.0_1.5,177,1.489,r,04/07/13 04:54 AM,0.64,0.04,24.78,23.93,3.07E+13,A
KIDS_219.6_2.5,219.61,2.478,u,05/28/14 02:42 AM,1.23,0.03,23.91,22.74,2.39E+12,B
KIDS_234.0_-0.5,234,-0.5,g,07/18/15 02:46 AM,0.94,0.06,25.13,23.96,1.58E+13,B
KIDS_345.6_-34.1,345.6,-34.126,i,07/01/12 04:51 AM,0.68,0.05,23.37,22.38,1.27E+13,C
KIDS_37.2_-34.1,37.2,-34.126,i,07/21/12 09:28 AM,0.72,0.04,24.16,23.2,1.08E+13,B
KIDS_179.5_-2.5,179.499,-2.478,u,06/16/12 12:54 AM,1.1,0.04,24.02,22.83,3.12E+12,A
KIDS_338.1_-30.2,338.147,-30.17,g,10/07/13 12:03 AM,0.92,0.05,25.2,24.13,1.74E+13,B
KIDS_211.0_0.5,211,0.5,i,08/09/12 11:58 PM,0.79,0.06,23.92,22.86,1.28E+13,A
KIDS_235.0_0.5,235,0.5,i,03/12/14 06:51 AM,0.6,0.05,23.96,23.04,1.27E+13,B
KIDS_0.0_-33.1,0,-33.137,i,10/02/11 08:02 AM,0.94,0.05,23.74,22.63,1.32E+13,B
KIDS_180.5_-2.5,180.501,-2.478,u,04/11/13 04:25 AM,0.94,0.08,24.12,23.14,3.28E+12,B
KIDS_351.6_-34.1,351.6,-34.126,r,11/23/13 01:47 AM,0.58,0.05,25.08,24.25,3.05E+13,B
KIDS_131.0_-0.5,131,-0.5,u,01/18/13 05:12 AM,0.97,0.04,24.25,22.88,3.36E+12,B
KIDS_45.1_-33.1,45.149,-33.137,i,01/01/12 02:54 AM,0.68,0.06,24.08,23.09,1.34E+13,B
KIDS_131.0_-0.5,131,-0.5,g,03/26/14 01:24 AM,0.85,0.05,25.12,23.94,1.65E+13,A
KIDS_175.5_-2.5,175.487,-2.478,g,01/22/15 07:25 AM,0.76,0.05,25.2,24.18,1.75E+13,A
KIDS_346.0_-31.2,346.019,-31.159,i,05/07/12 08:53 AM,0.58,0.06,23.28,22.26,1.30E+13,C
KIDS_224.0_1.5,224,1.489,g,07/21/14 02:20 AM,1.02,0.05,25.17,24.02,1.63E+13,B
KIDS_186.0_-1.5,186,-1.489,i,07/05/12 01:46 AM,1.06,0.04,23.27,21.96,1.28E+13,C
KIDS_224.0_1.5,224,1.489,r,05/08/14 05:57 AM,0.5,0.05,24.85,24.09,3.10E+13,B
KIDS_140.0_0.5,140,0.5,i,04/07/12 03:22 AM,0.7,0.06,23.26,22.24,1.29E+13,A
KIDS_140.0_0.5,140,0.5,g,12/29/13 07:25 AM,0.64,0.04,25,24.02,1.61E+13,A
KIDS_214.0_-1.5,214,-1.489,g,04/09/14 07:58 AM,0.68,0.05,25.05,24.08,1.67E+13,B
KIDS_218.6_2.5,218.607,2.478,i,07/02/14 02:57 AM,0.99,0.04,23.83,22.69,1.32E+13,B
KIDS_214.0_-1.5,214,-1.489,u,03/10/14 07:34 AM,1.16,0.06,24.19,22.94,3.35E+12,B
KIDS_178.0_-1.5,178,-1.489,i,03/01/15 02:53 AM,0.94,0.05,23.83,22.67,1.35E+13,A
KIDS_214.0_-1.5,214,-1.489,r,04/04/14 06:04 AM,0.61,0.06,24.95,24.06,3.13E+13,B
KIDS_348.1_-33.1,348.119,-33.137,i,09/30/11 07:41 AM,0.92,0.05,23.76,22.71,1.29E+13,B
KIDS_213.6_2.5,213.593,2.478,i,06/08/12 04:15 AM,0.93,0.05,23.65,22.52,1.29E+13,C
KIDS_223.0_1.5,223,1.489,u,03/07/14 08:47 AM,0.89,0.05,24.15,22.59,3.32E+12,A
KIDS_39.6_-31.2,39.612,-31.159,i,12/13/11 03:56 AM,0.63,0.05,23.59,22.81,1.34E+13,B
KIDS_213.6_2.5,213.593,2.478,g,06/30/14 02:59 AM,1.29,0.05,25.09,23.76,1.56E+13,A
KIDS_33.3_-33.1,33.267,-33.137,u,11/29/13 03:27 AM,0.9,0.04,24.17,22.99,3.41E+12,B
KIDS_339.8_-33.1,339.802,-33.137,g,09/05/11 06:47 AM,0.99,0.05,25.18,23.98,1.75E+13,B
KIDS_50.6_-32.1,50.588,-32.148,u,08/01/14 09:28 AM,0.97,0.04,24.25,22.95,3.24E+12,A
KIDS_33.3_-33.1,33.267,-33.137,g,11/29/13 03:57 AM,0.71,0.04,25.16,24.1,1.68E+13,A
KIDS_223.0_1.5,223,1.489,g,06/21/14 01:50 AM,0.93,0.04,25.28,24.17,1.72E+13,A
KIDS_212.0_-0.5,212,-0.5,g,06/16/15 11:57 PM,0.76,0.06,25.19,24.18,1.67E+13,B
KIDS_180.0_0.5,180,0.5,r,04/06/13 04:25 AM,0.72,0.05,24.84,23.91,3.15E+13,A
KIDS_348.0_-34.1,348,-34.126,g,07/29/14 07:01 AM,0.87,0.06,25.22,24.11,1.72E+13,B
KIDS_41.9_-31.2,41.942,-31.159,r,11/25/13 03:19 AM,0.58,0.04,25.11,24.31,3.09E+13,B
KIDS_50.4_-34.1,50.4,-34.126,r,10/30/14 06:30 AM,0.55,0.05,24.87,24.11,2.96E+13,B
KIDS_356.5_-31.2,356.505,-31.159,g,12/19/14 01:50 AM,0.79,0.06,25.1,24.06,1.64E+13,A
KIDS_41.9_-31.2,41.942,-31.159,g,12/22/14 03:41 AM,0.99,0.04,25.18,24.13,1.72E+13,A
KIDS_224.0_-1.5,224,-1.489,u,06/16/12 03:26 AM,1.11,0.04,24.1,22.76,3.21E+12,A
KIDS_224.0_-1.5,224,-1.489,r,03/09/13 07:56 AM,0.74,0.06,25.03,24.05,3.19E+13,B
KIDS_134.0_0.5,134,0.5,i,05/08/12 12:28 AM,0.83,0.05,23.49,22.39,1.32E+13,B
KIDS_331.5_-33.1,331.485,-33.137,g,05/10/14 08:12 AM,0.96,0.04,24.87,23.74,1.67E+13,B
KIDS_216.0_1.5,216,1.489,g,04/28/14 07:00 AM,1,0.05,24.99,23.89,1.63E+13,B
KIDS_218.0_-1.5,218,-1.489,i,02/26/13 08:09 AM,1.18,0.05,23.39,22.12,1.36E+13,B
KIDS_134.0_0.5,134,0.5,g,03/01/14 03:40 AM,0.64,0.05,25.1,24.08,1.74E+13,A
KIDS_232.0_-0.5,232,-0.5,u,06/21/15 02:43 AM,0.97,0.03,24.25,22.88,3.28E+12,B
KIDS_174.5_2.5,174.485,2.478,r,04/28/14 12:48 AM,0.56,0.05,24.88,24.06,3.13E+13,B
KIDS_232.0_-0.5,232,-0.5,g,07/18/15 01:59 AM,0.99,0.04,25.17,23.98,1.62E+13,B
KIDS_235.0_-0.5,235,-0.5,g,05/21/15 07:05 AM,1.09,0.05,25.07,23.9,1.64E+13,A
KIDS_348.0_-34.1,348,-34.126,i,07/03/12 05:56 AM,0.67,0.05,23.39,22.41,1.31E+13,C
KIDS_349.2_-34.1,349.2,-34.126,r,08/01/14 08:51 AM,0.52,0.05,25.06,24.31,3.06E+13,B
KIDS_350.4_-34.1,350.4,-34.126,g,06/17/15 07:56 AM,1.18,0.04,25.22,23.92,1.69E+13,A
KIDS_141.0_0.5,141,0.5,u,04/12/13 01:24 AM,1.18,0.04,24.21,22.8,3.29E+12,B
KIDS_347.1_-32.1,347.059,-32.148,g,07/18/15 05:07 AM,1.18,0.05,25.2,23.9,1.61E+13,A
KIDS_228.0_-0.5,228,-0.5,i,07/16/14 03:13 AM,0.92,0.04,23.63,22.44,1.32E+13,B
KIDS_228.0_-0.5,228,-0.5,u,06/09/15 03:44 AM,0.95,0.03,24.24,23.14,3.05E+12,B
KIDS_141.0_0.5,141,0.5,g,02/24/14 02:37 AM,1.1,0.07,25.08,23.87,1.73E+13,B
KIDS_354.0_-34.1,354,-34.126,u,06/25/15 08:07 AM,1.12,0.04,24.18,23.06,3.20E+12,A
KIDS_351.7_-33.1,351.683,-33.137,i,11/15/11 03:27 AM,0.75,0.05,23.77,22.84,1.33E+13,B
KIDS_330.9_-31.2,330.874,-31.159,u,10/23/14 01:04 AM,1.23,0.05,24.14,22.99,3.03E+12,B
KIDS_346.8_-34.1,346.8,-34.126,u,07/28/14 05:57 AM,0.95,0.03,24.34,23.23,3.43E+12,B
KIDS_335.5_-31.2,335.534,-31.159,r,05/18/15 08:55 AM,0.65,0.05,24.96,24,3.00E+13,A
KIDS_1.2_-32.1,1.176,-32.148,u,07/28/14 08:43 AM,0.94,0.04,24.3,23.05,3.40E+12,C
KIDS_177.5_2.5,177.493,2.478,r,03/27/14 02:57 AM,0.76,0.05,24.81,23.84,2.97E+13,B
KIDS_349.3_-33.1,349.307,-33.137,i,10/04/11 05:07 AM,0.81,0.04,24.22,23.21,1.37E+13,A
KIDS_179.5_2.5,179.499,2.478,g,01/29/15 07:07 AM,0.61,0.05,25.09,24.15,1.62E+13,A
KIDS_221.6_-2.5,221.616,-2.478,g,07/09/15 02:22 AM,1.12,0.04,25.13,23.94,1.60E+13,A
KIDS_179.5_2.5,179.499,2.478,i,12/28/12 07:34 AM,1.01,0.05,23.4,22.21,1.37E+13,B
KIDS_179.5_2.5,179.499,2.478,u,04/15/13 01:57 AM,1.08,0.06,24.16,22.96,3.27E+12,A
KIDS_179.5_2.5,179.499,2.478,r,05/31/13 01:10 AM,0.65,0.04,24.89,24,3.13E+13,B
KIDS_164.0_0.5,164,0.5,g,02/13/15 06:42 AM,0.93,0.04,24.71,23.5,1.64E+13,B
KIDS_223.6_2.5,223.621,2.478,r,04/04/14 07:27 AM,0.6,0.05,24.85,23.98,3.10E+13,A
KIDS_206.0_0.5,206,0.5,u,05/14/13 02:08 AM,0.87,0.04,24.27,23.08,3.36E+12,B
KIDS_176.5_-2.5,176.49,-2.478,r,03/26/14 02:18 AM,0.69,0.06,24.86,23.97,2.99E+13,B
KIDS_187.0_0.5,187,0.5,r,05/31/13 01:50 AM,0.6,0.05,24.96,24.12,3.13E+13,B
KIDS_355.2_-33.1,355.248,-33.137,i,07/10/14 08:39 AM,0.86,0.05,23.99,22.88,1.34E+13,B
KIDS_164.0_0.5,164,0.5,r,04/12/15 02:49 AM,0.72,0.05,24.77,23.79,2.80E+13,B
KIDS_164.0_0.5,164,0.5,u,01/19/15 07:57 AM,1.11,0.04,24.27,23.19,3.34E+12,B
KIDS_164.0_0.5,164,0.5,i,04/27/13 04:34 AM,0.86,0.05,23.24,22.06,1.34E+13,B
KIDS_350.4_-34.1,350.4,-34.126,r,09/03/14 07:53 AM,0.68,0.05,25,24.06,3.11E+13,A
KIDS_51.6_-34.1,51.6,-34.126,i,11/07/11 04:18 AM,0.75,0.04,23.91,22.96,1.37E+13,B
KIDS_206.0_0.5,206,0.5,i,04/29/13 02:35 AM,0.77,0.05,23.75,22.75,1.35E+13,C
KIDS_206.0_0.5,206,0.5,g,06/09/15 02:57 AM,0.82,0.05,25.18,24.16,1.62E+13,A
KIDS_213.0_-1.5,213,-1.489,i,07/07/12 02:54 AM,0.7,0.05,23.54,22.62,1.30E+13,C
KIDS_168.0_0.5,168,0.5,i,12/26/12 07:14 AM,0.61,0.05,23.69,22.81,1.41E+13,B
KIDS_214.6_-2.5,214.596,-2.478,g,07/09/15 01:54 AM,1.05,0.03,25.09,23.85,1.60E+13,B
KIDS_354.0_-34.1,354,-34.126,g,06/25/15 07:11 AM,1.04,0.04,25.14,23.99,1.63E+13,A
KIDS_176.5_-2.5,176.49,-2.478,u,03/09/14 06:09 AM,1,0.03,24.16,23.14,3.31E+12,B
KIDS_206.0_0.5,206,0.5,r,05/14/13 03:39 AM,0.59,0.05,25.03,24.2,3.15E+13,A
KIDS_224.0_-0.5,224,-0.5,r,05/14/13 05:43 AM,0.92,0.06,24.99,23.86,3.11E+13,B
KIDS_187.0_0.5,187,0.5,g,01/27/15 06:42 AM,1.08,0.04,25.07,23.78,1.58E+13,A
KIDS_176.5_-2.5,176.49,-2.478,g,01/22/15 08:19 AM,0.73,0.05,25.2,24.19,1.76E+13,B
KIDS_188.0_-0.5,188,-0.5,r,06/04/15 11:16 PM,0.9,0.05,24.89,23.75,3.01E+13,A
KIDS_354.1_-32.1,354.118,-32.148,i,05/09/12 09:07 AM,0.66,0.05,23.59,22.71,1.31E+13,B
KIDS_330.9_-31.2,330.874,-31.159,g,06/24/15 04:58 AM,0.99,0.04,25.1,23.95,1.56E+13,A
KIDS_187.0_0.5,187,0.5,i,07/29/12 12:03 AM,0.89,0.05,23.3,22.17,1.28E+13,B
KIDS_221.6_-2.5,221.616,-2.478,r,03/28/14 08:07 AM,0.68,0.05,24.93,23.98,3.06E+13,B
KIDS_182.0_0.5,182,0.5,g,07/08/12 12:13 AM,0.78,0.05,24.82,23.74,1.59E+13,B
KIDS_182.0_0.5,182,0.5,i,02/13/15 05:46 AM,0.99,0.05,24.02,22.81,1.26E+13,A
KIDS_335.0_-33.1,335.05,-33.137,g,07/20/14 03:57 AM,0.76,0.06,25.24,24.24,1.68E+13,B
KIDS_213.0_-1.5,213,-1.489,g,04/21/14 02:37 AM,0.94,0.05,25.06,23.94,1.65E+13,A
KIDS_351.7_-33.1,351.683,-33.137,r,11/17/12 01:58 AM,0.76,0.04,25.07,24.07,2.99E+13,A
KIDS_213.6_-2.5,213.593,-2.478,u,03/20/15 08:01 AM,1.28,0.04,24.08,22.74,3.27E+12,B
KIDS_356.5_-31.2,356.505,-31.159,i,06/06/12 08:17 AM,0.97,0.04,23.45,22.24,1.31E+13,B
KIDS_224.0_0.5,224,0.5,r,03/26/14 08:47 AM,0.66,0.04,24.88,23.96,2.97E+13,B
KIDS_212.6_-2.5,212.591,-2.478,u,07/27/14 11:55 PM,0.83,0.04,24.05,22.96,2.85E+12,C
KIDS_356.5_-32.1,356.471,-32.148,u,07/25/14 08:31 AM,0.86,0.04,24.33,23.16,3.51E+12,B
KIDS_356.5_-31.2,356.505,-31.159,r,09/29/13 02:50 AM,0.62,0.06,25.08,24.21,3.09E+13,A
KIDS_1.2_-33.1,1.188,-33.137,u,07/25/14 06:43 AM,1.13,0.03,24.27,22.98,3.36E+12,B
KIDS_217.6_-2.5,217.604,-2.478,i,03/25/13 07:59 AM,1.27,0.04,23.67,22.26,1.33E+13,B
KIDS_352.9_-33.1,352.871,-33.137,i,06/01/12 06:53 AM,0.71,0.05,23.47,22.52,1.27E+13,B
KIDS_212.6_-2.5,212.591,-2.478,i,07/03/12 01:44 AM,0.64,0.05,23.38,22.47,1.30E+13,C
KIDS_213.6_-2.5,213.593,-2.478,g,06/17/15 11:54 PM,1.07,0.07,25.21,24.03,1.66E+13,A
KIDS_213.6_-2.5,213.593,-2.478,i,03/12/14 05:50 AM,0.52,0.06,23.86,22.98,1.27E+13,A
KIDS_212.6_-2.5,212.591,-2.478,g,05/19/15 02:17 AM,1.11,0.04,25.18,23.93,1.66E+13,B
KIDS_217.6_-2.5,217.604,-2.478,g,06/20/15 03:03 AM,1.05,0.04,24.88,23.68,1.17E+13,B
KIDS_36.5_-32.1,36.471,-32.148,i,07/02/12 09:12 AM,0.78,0.05,23.59,22.55,1.28E+13,A
KIDS_349.4_-32.1,349.412,-32.148,r,10/01/13 01:22 AM,0.59,0.05,24.93,24.03,3.08E+13,B
KIDS_133.0_-1.5,133,-1.489,u,03/20/12 02:43 AM,0.95,0.04,24.25,22.91,3.28E+12,B
KIDS_52.3_-33.1,52.277,-33.137,u,12/26/14 03:38 AM,0.87,0.04,24.21,23.04,3.33E+12,A
KIDS_47.1_-32.1,47.059,-32.148,i,12/18/11 04:43 AM,0.76,0.04,23.91,22.87,1.34E+13,C
KIDS_346.0_-31.2,346.019,-31.159,r,08/22/12 07:47 AM,0.73,0.05,25.04,24.1,3.00E+13,A
KIDS_133.0_-1.5,133,-1.489,g,02/20/14 01:48 AM,0.91,0.04,25.05,23.86,1.72E+13,A
KIDS_341.6_-30.2,341.597,-30.17,i,07/02/12 05:15 AM,0.71,0.05,23.36,22.38,1.27E+13,B
KIDS_47.1_-32.1,47.059,-32.148,u,10/29/13 06:32 AM,1.1,0.04,24.23,22.89,3.38E+12,B
KIDS_345.0_-30.2,345.048,-30.17,r,09/28/14 03:02 AM,0.82,0.05,24.94,23.89,3.04E+13,B
KIDS_213.0_-1.5,213,-1.489,r,07/12/13 12:10 AM,0.58,0.05,24.96,24.13,3.16E+13,B
KIDS_137.0_1.5,137,1.489,u,04/29/13 12:14 AM,0.81,0.04,24.14,22.72,3.25E+12,B
KIDS_219.0_1.5,219,1.489,u,06/16/12 02:34 AM,1.09,0.04,24.11,22.87,3.25E+12,A
KIDS_51.8_-32.1,51.765,-32.148,i,11/07/11 06:34 AM,0.58,0.05,23.85,23.04,1.37E+13,B
KIDS_137.0_1.5,137,1.489,r,01/29/14 06:14 AM,0.59,0.04,25.03,24.15,3.00E+13,A
KIDS_337.2_-29.2,337.215,-29.181,g,06/24/15 06:17 AM,0.91,0.04,25.15,24,1.62E+13,A
KIDS_185.5_-2.5,185.515,-2.478,u,03/25/14 05:05 AM,0.8,0.04,24.15,23.04,3.37E+12,B
KIDS_185.5_-2.5,185.515,-2.478,r,03/01/14 06:07 AM,0.78,0.04,24.92,23.91,3.19E+13,B
KIDS_337.2_-29.2,337.215,-29.181,i,07/26/12 03:12 AM,1.11,0.04,23.87,22.57,1.28E+13,A
KIDS_347.3_-30.2,347.348,-30.17,u,10/28/13 12:39 AM,1.2,0.03,24.31,23.19,3.50E+12,B
KIDS_335.3_-32.1,335.294,-32.148,g,05/01/15 09:05 AM,1.23,0.07,25.07,23.76,1.68E+13,A
KIDS_220.0_-1.5,220,-1.489,r,03/26/14 07:27 AM,0.67,0.06,24.9,24.03,3.00E+13,B
KIDS_340.4_-30.2,340.447,-30.17,u,07/25/14 06:02 AM,1.09,0.04,24.3,23.06,3.48E+12,B
KIDS_48.7_-33.1,48.713,-33.137,i,11/08/11 03:05 AM,0.83,0.06,23.73,22.67,1.39E+13,B
KIDS_220.0_-1.5,220,-1.489,i,03/25/13 05:57 AM,0.95,0.05,23.68,22.49,1.35E+13,B
KIDS_343.2_-34.1,343.2,-34.126,u,10/26/13 03:12 AM,0.99,0.05,24.11,23.04,3.26E+12,A
KIDS_44.3_-31.2,44.272,-31.159,u,12/31/13 01:21 AM,1.02,0.06,24.26,22.66,3.48E+12,B
KIDS_349.6_-30.2,349.649,-30.17,g,11/12/14 02:34 AM,1.09,0.04,25.1,23.86,1.63E+13,B
KIDS_138.0_0.5,138,0.5,g,03/01/14 02:51 AM,0.92,0.04,25.11,23.99,1.74E+13,B
KIDS_138.0_0.5,138,0.5,u,01/04/14 06:23 AM,1.21,0.03,24.21,22.91,3.34E+12,A
KIDS_331.8_-32.1,331.765,-32.148,g,07/16/15 03:24 AM,1.13,0.07,25.12,23.87,1.53E+13,A
KIDS_357.6_-32.1,357.647,-32.148,u,08/30/13 04:26 AM,1.04,0.03,24.33,23.17,3.46E+12,B
KIDS_138.0_0.5,138,0.5,i,05/07/12 02:03 AM,0.72,0.04,23.11,21.94,1.30E+13,C
KIDS_44.3_-31.2,44.272,-31.159,i,11/15/11 07:15 AM,0.89,0.05,23.82,22.62,1.33E+13,C
KIDS_0.0_-33.1,0,-33.137,g,08/01/14 05:31 AM,0.82,0.04,25.22,24.17,1.67E+13,A
KIDS_347.3_-30.2,347.348,-30.17,i,07/01/12 06:53 AM,0.76,0.07,23.64,22.55,1.31E+13,B
KIDS_40.8_-31.2,40.777,-31.159,r,12/11/12 04:53 AM,0.82,0.07,25.16,24.06,3.09E+13,A
KIDS_172.5_-2.5,172.479,-2.478,g,12/19/14 07:25 AM,0.92,0.06,25.04,23.92,1.64E+13,B
KIDS_51.8_-30.2,51.757,-30.17,g,01/15/15 03:52 AM,1.21,0.04,25.18,23.91,1.59E+13,A
KIDS_351.6_-34.1,351.6,-34.126,i,06/06/12 08:50 AM,0.89,0.06,23.47,22.39,1.31E+13,C
KIDS_0.0_-31.2,0,-31.159,u,11/27/11 02:34 AM,0.93,0.03,23.97,22.81,3.19E+12,A
KIDS_51.8_-30.2,51.757,-30.17,i,11/14/11 03:27 AM,0.9,0.04,23.8,22.65,1.39E+13,B
KIDS_35.6_-33.1,35.644,-33.137,r,01/14/13 12:55 AM,0.74,0.05,25.14,24.19,3.28E+13,A
KIDS_224.6_2.5,224.624,2.478,u,07/25/14 12:16 AM,1.2,0.06,24.25,23.09,3.27E+12,B
KIDS_336.7_-31.2,336.699,-31.159,u,08/22/14 05:54 AM,1.21,0.03,24.29,23.09,3.47E+12,B
KIDS_343.9_-30.2,343.898,-30.17,i,07/03/12 05:26 AM,0.7,0.05,23.35,22.37,1.30E+13,B
KIDS_182.0_-0.5,182,-0.5,g,07/07/12 11:49 PM,0.75,0.05,24.7,23.76,1.61E+13,C
KIDS_345.6_-34.1,345.6,-34.126,u,10/28/13 02:11 AM,0.81,0.04,24.32,23.23,3.42E+12,A
KIDS_224.6_2.5,224.624,2.478,i,08/28/12 12:01 AM,0.89,0.05,23.34,22.2,1.27E+13,B
KIDS_182.0_-0.5,182,-0.5,i,03/01/15 03:21 AM,0.96,0.05,23.83,22.68,1.34E+13,B
KIDS_219.6_2.5,219.61,2.478,g,06/17/15 01:58 AM,0.8,0.04,25.2,24.17,1.67E+13,B
KIDS_235.0_0.5,235,0.5,u,07/18/15 01:37 AM,0.94,0.04,24.21,22.88,3.09E+12,B
KIDS_50.4_-34.1,50.4,-34.126,i,02/03/12 02:34 AM,1.06,0.04,23.76,22.56,1.31E+13,B
KIDS_211.0_1.5,211,1.489,g,06/09/15 02:34 AM,0.8,0.04,25.2,24.2,1.65E+13,A
KIDS_337.6_-32.1,337.647,-32.148,i,07/29/12 04:00 AM,0.7,0.05,23.65,22.68,1.31E+13,C
KIDS_342.0_-34.1,342,-34.126,g,05/06/14 09:23 AM,1,0.05,25.02,23.88,1.66E+13,A
KIDS_211.0_1.5,211,1.489,r,07/21/14 12:11 AM,0.79,0.04,25.02,23.95,3.11E+13,A
KIDS_189.0_-0.5,189,-0.5,r,06/09/15 01:26 AM,0.77,0.04,25.03,23.98,2.96E+13,A
KIDS_212.0_-0.5,212,-0.5,i,03/12/14 04:42 AM,0.71,0.05,23.72,22.67,1.25E+13,B
KIDS_50.6_-32.1,50.588,-32.148,i,11/07/11 03:03 AM,0.94,0.04,23.82,22.65,1.37E+13,B
KIDS_176.0_-0.5,176,-0.5,g,03/17/12 06:04 AM,0.91,0.04,24.94,23.74,1.68E+13,A
KIDS_141.4_2.5,141.393,2.478,g,04/09/13 01:07 AM,0.8,0.04,25.09,23.98,1.75E+13,A
KIDS_225.0_0.5,225,0.5,r,07/18/15 11:26 PM,0.6,0.05,24.97,24.07,3.01E+13,B
KIDS_225.0_0.5,225,0.5,u,08/02/15 11:37 PM,1.11,0.03,24.33,23.03,3.31E+12,B
KIDS_50.1_-31.2,50.097,-31.159,u,01/15/15 02:33 AM,1.25,0.04,24.31,23.16,3.24E+12,A
KIDS_341.6_-30.2,341.597,-30.17,r,09/28/14 01:34 AM,0.84,0.04,25.01,23.96,3.04E+13,B
KIDS_134.0_-1.5,134,-1.489,g,03/01/14 03:16 AM,0.76,0.04,25.12,24.05,1.74E+13,A
KIDS_330.3_-33.1,330.297,-33.137,u,07/28/14 04:30 AM,0.92,0.05,24.31,23.28,3.29E+12,C
KIDS_141.4_2.5,141.393,2.478,r,05/02/13 11:33 PM,0.67,0.05,24.79,23.93,3.17E+13,A
KIDS_330.3_-33.1,330.297,-33.137,r,11/12/14 01:09 AM,0.8,0.04,25.02,23.99,2.95E+13,A
KIDS_41.6_-33.1,41.584,-33.137,r,10/01/13 08:08 AM,0.79,0.06,25.13,24.17,3.08E+13,B
KIDS_358.8_-33.1,358.812,-33.137,u,11/24/13 01:17 AM,0.94,0.03,24.19,22.9,3.47E+12,B
KIDS_48.7_-33.1,48.713,-33.137,g,01/24/14 01:02 AM,0.92,0.03,25.32,24.15,1.76E+13,B
KIDS_335.0_-33.1,335.05,-33.137,u,07/21/14 08:50 AM,1.19,0.04,24.11,22.71,3.32E+12,B
KIDS_44.0_-33.1,43.96,-33.137,r,11/18/12 03:15 AM,0.58,0.05,25.16,24.3,2.96E+13,B
KIDS_340.0_-32.1,340,-32.148,u,09/20/11 01:51 AM,0.99,0.04,24.32,23.16,3.49E+12,B
KIDS_216.0_-1.5,216,-1.489,u,03/01/14 07:18 AM,0.87,0.04,24.24,22.96,3.32E+12,B
KIDS_340.0_-32.1,340,-32.148,r,10/01/13 12:41 AM,0.59,0.05,24.93,24.04,3.08E+13,B
KIDS_216.0_-1.5,216,-1.489,r,07/11/13 01:17 AM,0.81,0.06,24.92,23.91,3.11E+13,B
KIDS_221.0_-1.5,221,-1.489,i,02/26/13 08:42 AM,1.18,0.03,23.41,22.06,1.36E+13,B
KIDS_35.6_-33.1,35.644,-33.137,u,10/29/14 03:05 AM,1.13,0.04,24.27,23.07,3.28E+12,B
KIDS_349.2_-34.1,349.2,-34.126,g,07/30/14 05:52 AM,0.87,0.04,25.28,24.16,1.76E+13,B
KIDS_43.7_-30.2,43.706,-30.17,i,11/14/11 07:23 AM,1.03,0.04,23.54,22.39,1.36E+13,B
KIDS_342.4_-32.1,342.353,-32.148,g,11/11/14 12:24 AM,1.17,0.05,25.12,23.8,1.62E+13,B
KIDS_187.5_2.5,187.521,2.478,g,05/10/15 11:23 PM,1.09,0.04,25.14,23.92,1.69E+13,B
KIDS_223.0_-1.5,223,-1.489,u,03/07/14 07:53 AM,0.97,0.04,24.15,22.79,3.37E+12,B
KIDS_335.0_-33.1,335.05,-33.137,r,06/22/15 07:17 AM,0.72,0.04,25.05,24.05,2.94E+13,B
KIDS_159.0_0.5,159,0.5,i,12/26/12 06:10 AM,0.78,0.05,23.64,22.6,1.41E+13,B
KIDS_216.0_-1.5,216,-1.489,i,03/25/13 07:26 AM,1.16,0.04,23.68,22.4,1.35E+13,B
KIDS_176.0_-1.5,176,-1.489,g,04/06/13 05:43 AM,0.81,0.05,25.05,24.01,1.67E+13,B
KIDS_159.0_0.5,159,0.5,u,01/18/15 07:11 AM,0.96,0.06,24.35,23.46,3.37E+12,B
KIDS_131.0_-0.5,131,-0.5,r,01/03/14 06:01 AM,0.63,0.05,25.01,24.12,3.08E+13,B
KIDS_45.1_-33.1,45.149,-33.137,r,11/17/12 05:43 AM,0.93,0.04,25.14,23.98,2.94E+13,B
KIDS_223.0_-1.5,223,-1.489,g,04/03/14 08:33 AM,0.79,0.04,25.02,23.97,1.73E+13,A
KIDS_47.5_-33.1,47.525,-33.137,i,12/18/11 06:22 AM,0.85,0.05,23.76,22.7,1.30E+13,C
KIDS_0.0_-33.1,0,-33.137,u,08/02/14 06:35 AM,1.05,0.04,24.36,23.25,3.45E+12,A
KIDS_350.7_-31.2,350.68,-31.159,u,08/14/12 08:19 AM,1.02,0.03,24.17,22.82,3.31E+12,A
KIDS_159.0_0.5,159,0.5,r,01/18/15 06:21 AM,0.71,0.07,25.15,24.15,2.98E+13,A
KIDS_342.4_-32.1,342.353,-32.148,u,09/24/13 01:20 AM,0.9,0.04,24.33,23.21,3.36E+12,B
KIDS_49.5_-30.2,49.457,-30.17,r,10/10/13 07:49 AM,0.76,0.04,25.13,24.2,3.18E+13,A
KIDS_138.0_-1.5,138,-1.489,g,12/15/12 07:06 AM,0.95,0.07,25.13,23.91,1.73E+13,B
KIDS_234.0_-0.5,234,-0.5,u,07/18/15 01:13 AM,1,0.04,24.24,22.82,3.14E+12,B
KIDS_234.0_-0.5,234,-0.5,r,07/17/15 01:30 AM,0.62,0.05,25.13,24.17,3.03E+13,B
KIDS_216.0_0.5,216,0.5,g,04/09/14 08:23 AM,0.67,0.05,25.02,24.07,1.65E+13,A
KIDS_187.0_-1.5,187,-1.489,u,03/18/13 06:38 AM,1.19,0.04,24.15,22.95,3.24E+12,B
KIDS_45.4_-31.2,45.437,-31.159,i,12/22/11 05:06 AM,1.07,0.04,23.96,22.64,1.17E+13,B
KIDS_189.0_-0.5,189,-0.5,u,05/21/15 01:02 AM,1.06,0.03,24.18,23.04,3.37E+12,A
KIDS_352.9_-33.1,352.871,-33.137,g,10/28/13 05:08 AM,0.91,0.05,25.04,23.96,1.59E+13,A
KIDS_44.7_-32.1,44.706,-32.148,u,10/16/12 07:50 AM,0.66,0.04,24.24,23.11,3.35E+12,B
KIDS_237.0_-0.5,237,-0.5,u,04/17/13 07:55 AM,0.97,0.07,24.13,22.85,3.25E+12,B
KIDS_237.0_0.5,237,0.5,r,07/12/13 02:43 AM,0.56,0.05,25,24.1,3.12E+13,B
KIDS_339.3_-30.2,339.297,-30.17,r,06/22/14 06:50 AM,0.71,0.05,25.04,24,3.11E+13,A
KIDS_339.3_-30.2,339.297,-30.17,g,10/07/13 12:29 AM,0.85,0.04,25.22,24.15,1.76E+13,A
KIDS_217.0_1.5,217,1.489,u,03/12/14 08:47 AM,0.88,0.04,24.09,22.87,3.04E+12,A
KIDS_48.3_-30.2,48.307,-30.17,i,11/14/11 06:14 AM,0.85,0.04,23.69,22.62,1.37E+13,B
KIDS_337.4_-33.1,337.426,-33.137,i,07/26/12 03:44 AM,0.89,0.04,24.01,22.92,1.30E+13,A
KIDS_138.4_2.5,138.384,2.478,u,04/12/13 12:33 AM,1.03,0.03,24.18,22.89,3.30E+12,C
KIDS_175.0_0.5,175,0.5,u,02/29/12 05:53 AM,0.85,0.04,24.26,23.08,3.32E+12,A
KIDS_349.6_-30.2,349.649,-30.17,u,07/28/14 06:26 AM,0.9,0.04,24.32,23.3,3.46E+12,B
KIDS_46.8_-34.1,46.8,-34.126,i,11/08/11 05:53 AM,0.81,0.04,23.79,22.78,1.39E+13,B
KIDS_221.0_0.5,221,0.5,u,05/06/14 05:06 AM,0.78,0.04,24.16,22.64,3.32E+12,B
KIDS_336.5_-32.1,336.471,-32.148,i,08/24/12 12:30 AM,1.15,0.04,23.71,22.41,1.34E+13,B
KIDS_351.8_-32.1,351.765,-32.148,r,07/16/13 06:01 AM,0.78,0.05,25.03,24.05,3.12E+13,B
KIDS_213.0_0.5,213,0.5,r,03/26/14 06:09 AM,0.69,0.06,24.86,23.92,2.99E+13,B
KIDS_346.9_-33.1,346.931,-33.137,i,10/02/11 06:20 AM,0.77,0.05,23.97,23.03,1.35E+13,A
KIDS_42.0_-34.1,42,-34.126,i,01/01/12 02:21 AM,0.75,0.05,24.11,23.06,1.33E+13,C
KIDS_213.0_0.5,213,0.5,i,07/30/12 12:45 AM,1.11,0.05,23.34,22.14,1.30E+13,B
KIDS_233.0_0.5,233,0.5,g,04/08/14 06:37 AM,0.89,0.04,25.06,23.9,1.69E+13,B
KIDS_233.0_0.5,233,0.5,i,02/13/14 07:21 AM,1.11,0.05,23.56,22.25,1.31E+13,B
KIDS_233.0_0.5,233,0.5,u,04/15/15 06:30 AM,1.31,0.05,24.2,23.01,3.34E+12,B
KIDS_357.6_-33.1,357.624,-33.137,g,07/30/14 06:49 AM,0.8,0.04,25.16,24.08,1.64E+13,A
KIDS_213.0_-0.5,213,-0.5,g,04/07/14 08:25 AM,1.02,0.04,24.87,23.76,1.56E+13,B
KIDS_213.0_-0.5,213,-0.5,i,07/03/12 03:19 AM,0.64,0.05,22.96,22.04,1.29E+13,B
KIDS_174.0_-0.5,174,-0.5,r,04/17/13 01:56 AM,0.74,0.06,24.76,23.79,3.12E+13,B
KIDS_36.8_-33.1,36.832,-33.137,r,12/08/13 02:33 AM,0.68,0.04,25.01,24.1,3.20E+13,B
KIDS_213.0_-1.5,213,-1.489,u,03/01/14 06:47 AM,1.07,0.04,24.2,23.06,3.29E+12,B
KIDS_211.6_2.5,211.588,2.478,i,07/07/12 01:50 AM,0.63,0.05,23.69,22.73,1.31E+13,B
KIDS_47.2_-30.2,47.157,-30.17,r,12/31/13 03:10 AM,0.92,0.04,25.04,23.96,2.97E+13,A
KIDS_224.0_-0.5,224,-0.5,i,03/25/13 06:57 AM,0.86,0.05,23.73,22.65,1.34E+13,B
KIDS_49.5_-30.2,49.457,-30.17,u,10/25/14 06:29 AM,1.1,0.04,24.31,23.12,3.45E+12,B
KIDS_178.5_-2.5,178.496,-2.478,r,05/01/13 01:59 AM,0.76,0.05,24.84,23.89,3.16E+13,B
KIDS_211.6_2.5,211.588,2.478,g,05/15/15 05:27 AM,0.91,0.05,25.05,23.92,1.57E+13,B
KIDS_220.0_0.5,220,0.5,r,04/28/14 06:19 AM,0.74,0.05,24.89,24,3.11E+13,A
KIDS_220.0_0.5,220,0.5,g,06/30/14 02:08 AM,0.97,0.04,25.2,24.04,1.66E+13,B
KIDS_339.6_-34.1,339.6,-34.126,r,06/22/14 07:31 AM,0.8,0.05,25.03,23.93,3.10E+13,A
KIDS_163.0_0.5,163,0.5,i,01/25/13 07:04 AM,0.62,0.05,23.61,22.67,1.38E+13,B
KIDS_179.5_-2.5,179.499,-2.478,r,01/29/14 06:59 AM,0.66,0.05,25.1,24.17,3.02E+13,B
KIDS_351.6_-34.1,351.6,-34.126,g,05/08/14 09:15 AM,0.79,0.05,25.05,24,1.63E+13,B
KIDS_150.1_2.2,150.418,2.478,g,11/25/14 07:53 AM,1.04,0.05,25.05,23.87,1.66E+13,B
KIDS_341.6_-30.2,341.597,-30.17,u,07/27/14 06:19 AM,1.08,0.03,24.36,23.08,3.48E+12,C
KIDS_150.1_2.2,150.418,2.478,u,12/26/14 07:36 AM,0.74,0.04,24.27,23.1,3.31E+12,B
KIDS_150.1_2.2,150.418,2.478,i,11/25/12 06:56 AM,1.04,0.04,23.61,22.4,1.30E+13,B
KIDS_223.0_-1.5,223,-1.489,r,03/26/14 06:47 AM,0.69,0.07,24.86,23.91,3.02E+13,B
KIDS_345.6_-34.1,345.6,-34.126,g,07/21/14 04:25 AM,1.11,0.04,25.27,24.02,1.68E+13,B
KIDS_40.0_-32.1,40,-32.148,r,12/11/12 03:32 AM,0.66,0.05,25.22,24.27,3.17E+13,A
KIDS_48.2_-32.1,48.235,-32.148,r,08/25/12 06:51 AM,0.66,0.05,24.97,23.95,2.95E+13,A
KIDS_187.0_1.5,187,1.489,r,02/27/14 06:05 AM,0.77,0.05,24.82,23.83,2.97E+13,B
KIDS_47.2_-30.2,47.157,-30.17,u,01/28/14 01:15 AM,1.21,0.03,24.22,22.9,3.27E+12,B
KIDS_333.9_-33.1,333.861,-33.137,r,06/20/15 07:46 AM,0.68,0.04,25.06,24.15,2.82E+13,B
KIDS_344.4_-34.1,344.4,-34.126,r,07/20/14 07:56 AM,0.81,0.04,24.95,23.83,3.11E+13,B
KIDS_220.0_0.5,220,0.5,i,08/02/12 01:00 AM,0.74,0.04,23.22,22.24,1.28E+13,C
KIDS_132.0_-1.5,132,-1.489,r,11/29/13 06:28 AM,0.65,0.05,24.97,24.05,3.00E+13,A
KIDS_347.1_-32.1,347.059,-32.148,u,09/24/13 02:08 AM,1.01,0.03,24.35,23.31,3.43E+12,B
KIDS_211.6_2.5,211.588,2.478,u,03/12/14 07:52 AM,1.03,0.04,24.11,22.88,3.08E+12,A
KIDS_216.6_-2.5,216.602,-2.478,i,07/12/14 02:01 AM,0.75,0.05,23.47,22.4,1.34E+13,B
KIDS_138.0_-0.5,138,-0.5,g,02/28/14 01:11 AM,0.73,0.04,24.98,23.96,1.57E+13,B
KIDS_220.6_2.5,220.613,2.478,i,02/22/13 07:01 AM,0.66,0.05,23.88,22.96,1.38E+13,B
KIDS_34.8_-34.1,34.8,-34.126,i,01/12/12 03:37 AM,0.84,0.05,23.54,22.51,1.27E+13,B
KIDS_3.6_-34.1,3.6,-34.126,i,07/05/12 05:59 AM,0.83,0.05,23.02,21.87,1.31E+13,B
KIDS_180.5_2.5,180.501,2.478,g,02/15/15 08:16 AM,0.76,0.04,25,23.97,1.72E+13,A
KIDS_184.5_2.5,184.513,2.478,u,04/21/14 02:07 AM,0.89,0.04,24.14,23.02,3.17E+12,B
KIDS_184.5_2.5,184.513,2.478,g,05/11/15 03:54 AM,0.69,0.06,25.09,24.09,1.67E+13,B
KIDS_138.0_-0.5,138,-0.5,u,12/31/13 06:27 AM,0.94,0.03,24.18,22.72,3.33E+12,A
KIDS_329.4_-32.1,329.412,-32.148,g,09/21/14 01:11 AM,0.85,0.04,25.18,24.06,1.64E+13,A
KIDS_329.4_-32.1,329.412,-32.148,u,07/21/14 07:15 AM,1.03,0.04,24.26,23.26,3.49E+12,C
KIDS_134.4_2.5,134.373,2.478,i,05/08/12 12:01 AM,0.76,0.05,23.59,22.53,1.33E+13,B
KIDS_186.0_-1.5,186,-1.489,u,01/29/14 08:16 AM,1.2,0.03,24.28,23.01,3.36E+12,A
KIDS_224.0_1.5,224,1.489,i,02/25/13 08:29 AM,0.64,0.06,23.58,22.65,1.37E+13,B
KIDS_160.0_0.5,160,0.5,g,01/18/15 08:24 AM,0.92,0.05,25.17,24.08,1.72E+13,B
KIDS_214.0_-1.5,214,-1.489,i,03/24/13 07:14 AM,0.67,0.05,23.87,22.92,1.35E+13,B
KIDS_338.8_-32.1,338.824,-32.148,g,09/15/11 11:58 PM,0.85,0.05,25.06,23.94,1.68E+13,B
KIDS_161.0_0.5,161,0.5,g,01/27/15 05:18 AM,0.71,0.05,25.11,24.15,1.62E+13,B
KIDS_176.0_-0.5,176,-0.5,i,07/12/14 12:14 AM,1.03,0.05,23.26,22.08,1.30E+13,B
KIDS_354.1_-33.1,354.059,-33.137,u,11/09/12 01:25 AM,0.94,0.04,24.29,23.04,3.47E+12,A
KIDS_346.0_-31.2,346.019,-31.159,u,07/26/12 08:43 AM,0.94,0.07,24.1,23.11,3.40E+12,B
KIDS_330.3_-33.1,330.297,-33.137,g,05/09/14 09:03 AM,0.72,0.04,25.11,24.02,1.72E+13,A
KIDS_141.4_2.5,141.393,2.478,u,02/14/13 04:35 AM,1.1,0.03,24.18,22.78,3.31E+12,B
KIDS_225.0_0.5,225,0.5,g,07/19/15 02:03 AM,0.72,0.05,24.48,23.47,8.66E+12,B
KIDS_184.5_-2.5,184.513,-2.478,g,01/22/15 07:02 AM,0.84,0.04,25.15,24.1,1.72E+13,A
KIDS_184.5_-2.5,184.513,-2.478,i,01/26/13 07:16 AM,0.72,0.04,23.69,22.74,1.37E+13,B
KIDS_347.3_-30.2,347.348,-30.17,g,10/04/15 01:34 AM,0.84,0.04,25.14,24.1,1.64E+13,A
KIDS_184.5_-2.5,184.513,-2.478,u,03/25/14 04:14 AM,0.72,0.05,24.18,23.16,3.39E+12,B
KIDS_188.0_0.5,188,0.5,r,06/05/15 11:14 PM,0.85,0.04,24.89,23.81,3.03E+13,A
KIDS_41.6_-33.1,41.584,-33.137,u,12/07/13 03:48 AM,0.98,0.03,24.18,22.73,3.34E+12,A
KIDS_358.8_-33.1,358.812,-33.137,r,11/25/13 02:40 AM,0.64,0.04,24.99,24.09,3.04E+13,B
KIDS_224.0_0.5,224,0.5,g,07/19/14 02:25 AM,1.07,0.05,25.16,23.95,1.62E+13,B
KIDS_223.6_2.5,223.621,2.478,u,03/10/14 07:09 AM,1.26,0.03,24.16,22.81,3.25E+12,A
KIDS_187.5_2.5,187.521,2.478,r,04/22/14 01:20 AM,0.59,0.05,24.88,24.01,3.02E+13,A
KIDS_35.6_-33.1,35.644,-33.137,i,01/06/12 02:16 AM,1.17,0.06,23.6,22.28,1.36E+13,B
KIDS_187.5_2.5,187.521,2.478,u,03/30/14 04:33 AM,1,0.03,24.17,22.95,3.33E+12,B
KIDS_223.0_-1.5,223,-1.489,i,07/06/12 03:10 AM,0.96,0.05,23.49,22.41,1.34E+13,C
KIDS_137.0_-1.5,137,-1.489,u,04/12/13 12:58 AM,0.96,0.04,24.21,22.87,3.34E+12,A
KIDS_181.0_-0.5,181,-0.5,r,03/09/13 07:17 AM,0.8,0.05,24.93,23.91,3.13E+13,B
KIDS_182.0_-0.5,182,-0.5,u,05/22/12 11:48 PM,1.14,0.05,24.15,23.23,3.20E+12,B
KIDS_224.6_2.5,224.624,2.478,r,07/18/14 12:39 AM,0.7,0.05,25.04,24.04,3.06E+13,A
KIDS_217.0_0.5,217,0.5,u,03/09/14 08:21 AM,0.94,0.03,24.2,23.08,3.34E+12,A
KIDS_217.0_0.5,217,0.5,g,01/29/15 07:39 AM,0.85,0.06,24.97,23.9,1.54E+13,B
KIDS_226.0_0.5,226,0.5,i,03/13/14 06:45 AM,0.69,0.05,23.79,22.87,1.38E+13,A
KIDS_40.8_-31.2,40.777,-31.159,g,10/10/13 08:29 AM,0.97,0.04,25.16,24.04,1.73E+13,A
KIDS_52.3_-33.1,52.277,-33.137,i,11/07/11 04:59 AM,0.74,0.04,23.9,22.88,1.38E+13,B
KIDS_163.0_0.5,163,0.5,r,04/12/15 02:04 AM,0.79,0.06,24.73,23.67,2.77E+13,A
KIDS_179.5_-2.5,179.499,-2.478,g,04/17/14 11:42 PM,1,0.06,25.06,23.93,1.65E+13,B
KIDS_235.0_0.5,235,0.5,g,07/18/15 02:23 AM,0.87,0.04,25.17,23.94,1.61E+13,A
KIDS_175.5_2.5,175.487,2.478,u,02/01/14 06:21 AM,1.04,0.04,24.21,23.05,3.28E+12,B
KIDS_348.0_-34.1,348,-34.126,r,08/01/14 08:12 AM,0.58,0.05,25.05,24.23,3.06E+13,A
KIDS_217.0_-1.5,217,-1.489,i,08/16/12 12:48 AM,1.1,0.08,23.96,22.65,1.05E+13,B
KIDS_350.7_-31.2,350.68,-31.159,r,08/02/13 07:08 AM,0.69,0.04,25.09,24.14,3.08E+13,B
KIDS_52.8_-34.1,52.8,-34.126,u,01/20/15 01:48 AM,1.23,0.03,24.36,23.03,3.36E+12,A
KIDS_138.0_-1.5,138,-1.489,i,11/04/14 07:12 AM,0.85,0.05,23.52,22.39,1.29E+13,B
KIDS_187.0_-1.5,187,-1.489,r,04/07/13 05:36 AM,0.78,0.07,24.8,23.82,3.07E+13,B
KIDS_216.0_0.5,216,0.5,u,03/01/14 07:45 AM,0.77,0.04,24.26,23.06,3.34E+12,B
KIDS_216.0_0.5,216,0.5,i,07/05/12 03:16 AM,0.98,0.04,23.33,22.12,1.29E+13,C
KIDS_45.4_-31.2,45.437,-31.159,u,01/28/14 12:46 AM,1.15,0.03,24.27,22.92,3.35E+12,B
KIDS_138.0_-1.5,138,-1.489,u,05/17/12 11:22 PM,0.89,0.04,24.12,22.83,3.15E+12,B
KIDS_350.7_-31.2,350.68,-31.159,g,10/27/13 04:41 AM,0.73,0.05,25.03,24.12,1.64E+13,B
KIDS_187.0_-1.5,187,-1.489,i,07/04/12 01:40 AM,0.62,0.05,23.1,22.2,1.27E+13,C
KIDS_138.0_-1.5,138,-1.489,r,03/07/13 03:48 AM,0.5,0.05,25.06,24.29,3.16E+13,B
KIDS_187.0_-1.5,187,-1.489,g,04/03/14 04:20 AM,0.85,0.04,25.04,23.96,1.78E+13,A
KIDS_215.0_-1.5,215,-1.489,u,05/28/14 01:37 AM,1.13,0.04,23.92,22.81,2.42E+12,A
KIDS_215.0_-1.5,215,-1.489,r,06/22/14 01:16 AM,0.72,0.04,25.06,24.06,3.13E+13,A
KIDS_216.0_0.5,216,0.5,r,07/11/13 11:27 PM,0.72,0.05,24.91,23.99,3.16E+13,A
KIDS_350.7_-31.2,350.68,-31.159,i,05/05/15 09:16 AM,1.16,0.04,23.49,22.16,1.27E+13,B
KIDS_214.6_2.5,214.596,2.478,r,04/28/14 05:01 AM,0.63,0.05,24.93,24.11,3.12E+13,B
KIDS_173.5_-2.5,173.482,-2.478,u,06/07/13 12:29 AM,1.25,0.04,24.08,22.82,3.26E+12,B
KIDS_351.9_-30.2,351.949,-30.17,u,10/27/13 12:37 AM,1.21,0.09,24.24,23.17,3.51E+12,B
KIDS_181.5_-2.5,181.504,-2.478,i,01/26/13 05:46 AM,0.93,0.04,23.56,22.45,1.36E+13,B
KIDS_351.9_-30.2,351.949,-30.17,r,11/25/13 01:49 AM,0.6,0.05,25,24.16,3.05E+13,B
KIDS_173.5_-2.5,173.482,-2.478,r,03/26/14 03:04 AM,0.6,0.06,24.92,24.12,2.98E+13,B
KIDS_44.7_-32.1,44.706,-32.148,i,07/14/14 08:23 AM,0.89,0.05,23.52,22.31,1.33E+13,B
KIDS_344.6_-33.1,344.554,-33.137,g,10/10/13 05:22 AM,0.99,0.06,25.09,23.95,1.69E+13,A
KIDS_181.5_-2.5,181.504,-2.478,g,04/19/14 11:54 PM,1.12,0.06,25.09,23.9,1.66E+13,A
KIDS_50.6_-32.1,50.588,-32.148,r,10/12/13 07:43 AM,0.9,0.04,24.96,23.87,3.19E+13,A
KIDS_338.8_-32.1,338.824,-32.148,i,09/16/11 02:20 AM,0.54,0.05,23.81,23.06,1.38E+13,B
KIDS_344.6_-33.1,344.554,-33.137,i,05/08/12 08:33 AM,0.71,0.05,23.45,22.41,1.29E+13,B
KIDS_176.0_-1.5,176,-1.489,u,03/19/12 03:30 AM,0.91,0.04,24.2,22.97,3.33E+12,B
KIDS_173.5_-2.5,173.482,-2.478,g,02/12/15 03:43 AM,1.07,0.05,24.99,23.77,1.52E+13,B
KIDS_351.9_-30.2,351.949,-30.17,g,11/24/14 01:37 AM,0.65,0.06,25.19,24.27,1.75E+13,A
KIDS_173.5_-2.5,173.482,-2.478,i,12/30/12 05:49 AM,0.86,0.06,23.42,22.36,1.36E+13,B
KIDS_181.5_-2.5,181.504,-2.478,r,02/27/14 07:27 AM,0.65,0.05,24.8,23.87,2.95E+13,B
KIDS_351.9_-30.2,351.949,-30.17,i,06/30/12 05:32 AM,0.87,0.06,23.67,22.62,1.28E+13,B
KIDS_329.7_-31.2,329.709,-31.159,u,07/21/14 08:21 AM,1.19,0.05,24.12,23.14,3.35E+12,A
KIDS_181.5_-2.5,181.504,-2.478,u,04/29/13 12:38 AM,0.88,0.04,24.1,22.7,3.29E+12,B
KIDS_341.8_-29.2,341.772,-29.181,r,06/22/15 07:55 AM,0.72,0.04,25.08,24.13,2.97E+13,A
