Candidate,objectid,RA,dec,grade,photoz,imag,notes,,
DESJ0002-3507,139741252,0.59845,-35.12122,2.3,0.51,19.2,,,
DESJ0003-3348,139823797,0.81825,-33.8012,2.7,0.68,19.3,,,
DESJ0006-4429,142775105,1.68592,-44.49735,2,0.53,18.6,a 1,,
DESJ0007-4434,142779522,1.87201,-44.57949,3,0.52,18.1,a 1,,
DESJ0010-4315,182452355,2.62678,-43.25413,2.3,0.84,19.9,d,,
DESJ0011-4614,182003535,2.97135,-46.23942,3,0.6,18.5,"a 1,2",d,
DESJ0013+0040,179698697,3.29016,0.66767,2.3,0.75,20,,,
DESJ0013-0335,180799530,3.29224,-3.59597,2.3,0.53,19.1,,,
DESJ0013-4239,184282860,3.38649,-42.65808,2,0.89,20,,,
DESJ0014+0041,179696961,3.60116,0.69596,2,0.59,19.4,,,
DESJ0015-0230,181705322,3.96725,-2.51252,2,0.77,20.1,,,
DESJ0015-4636,190717082,3.92831,-46.60305,2.3,0.44,18.4,,,
DESJ0017+0158,189671458,4.32556,1.97183,2,0.75,18.8,,,
DESJ0018-4549,191052533,4.50945,-45.82622,2.3,0.51,18.9,,,
DESJ0019-4136,189506468,4.81803,-41.61405,2,0.49,18.5,,,
DESJ0021-4040,195762492,5.39182,-40.66717,2,0.56,18.6,a 1,,
DESJ0024-3400,204184446,6.23732,-34.01479,2.7,0.69,19.5,,,
DESJ0025-3139,199018206,6.29223,-31.65755,2.7,0.45,19.4,,,
DESJ0026-5504,204588321,6.52789,-55.07581,2,0.4,17.2,,,
DESJ0027-0413,202591480,6.75025,-4.22321,3,0.57,18,,,
DESJ0028-5108,147213612,7.19578,-51.14695,2.3,0.6,19.1,,,
DESJ0031-6420,150263838,7.832,-64.3438,2.3,0.64,20.1,,,
DESJ0034-2405,208995017,8.5267,-24.09052,2.3,0.5,19.8,,,
DESJ0035-2526,210368868,8.78153,-25.44932,2.7,0.74,19.5,,,
DESJ0037-4131,154676430,9.3628,-41.53054,3,0.67,19.8,a 1,,
DESJ0038-2936,157799078,9.69256,-29.60189,2.7,0.73,20.4,d,,
DESJ0040-3732,157101125,10.16456,-37.54704,2.7,0.71,20,,,
DESJ0041-0043,157857664,10.28753,-0.73025,2.7,0.53,19,a3,d,
DESJ0042-3718,272459491,10.73881,-37.31623,2.7,0.77,20.2,,,
DESJ0046+0127,273530428,11.74831,1.46004,2,0.55,19.4,,,
DESJ0046-0156,274369747,11.50837,-1.94118,2,0.64,18.7,,,
DESJ0046-5741,273462967,11.55797,-57.69931,2.3,0.41,16.7,d,,
DESJ0047-2905,274128225,11.75654,-29.08823,2,0.35,17.5,,,
DESJ0048+0311,275754958,12.1134,3.18808,2.7,0.39,18,,,
DESJ0050-1720,276477563,12.73017,-17.34235,2.3,0.59,19.4,,,
DESJ0050-4651,278178553,12.55113,-46.8621,2.7,0.73,20.1,,,
DESJ0052-4650,278177446,13.05359,-46.8408,2.7,0.52,18.3,a1,,
DESJ0053-0502,280210635,13.41314,-5.03359,2,0.54,19,,,
DESJ0056-4117,284471622,14.21105,-41.29355,2.3,0.74,20,,,
DESJ0057-5905,287581455,14.39678,-59.08847,2.3,0.65,19.8,,,
DESJ0058-2317,284406080,14.52023,-23.28713,2,0.83,19.9,,,
DESJ0058-5201,283879328,14.64465,-52.03323,2.7,0.66,19.1,,,
DESJ0101-2126,289119426,15.49817,-21.44871,2.7,0.47,17.6,c,,
DESJ0101-3343,290880302,15.36604,-33.72201,3,0.63,18.7,,,
DESJ0101-4917,290048397,15.49182,-49.29394,3,0.77,19.7,,,
DESJ0102+0158,289961235,15.65959,1.98243,3,0.81,19.7,,,
DESJ0102-1500,289516803,15.51229,-15.00786,2,0.45,17.6,,,
DESJ0102-2911,291358790,15.73954,-29.18939,2.7,0.41,16.9,cd,,
DESJ0103-4322,289419858,15.77502,-43.38144,2.3,0.62,19.9,,,
DESJ0105+0144,291983478,16.33185,1.74904,3,0.44,17.8,a4,,
DESJ0105-2952,293813558,16.37624,-29.8803,2.3,0.73,19.5,,,
DESJ0105-3725,300793100,16.45017,-37.42846,2,0.52,18.9,,,
DESJ0105-3939,293220440,16.41856,-39.65728,2,0.43,17.8,,,
DESJ0106-4432,293872042,16.74639,-44.53373,3,0.51,19.3,,,
DESJ0106-6258,293662059,16.71496,-62.97051,2.3,0.75,19.5,,,
DESJ0109-0455,295037190,17.29452,-4.91948,2,0.7,19.4,d,,
DESJ0109-3335,301649992,17.46945,-33.59256,2.2,0.61,17.8,b,,
DESJ0112-0434,297291474,18.07535,-4.58298,2,0.55,19.2,,,
DESJ0112-1902,297683272,18.17142,-19.04563,2,0.63,18.8,,,
DESJ0112-5509,298183415,18.17438,-55.1647,2.3,0.79,20.1,,,
DESJ0113-2924,298513392,18.48794,-29.4109,2.7,0.62,20.1,,,
DESJ0114-3613,304672421,18.53489,-36.22043,2.7,0.53,19,,,
DESJ0115-3520,299965546,18.92008,-35.33872,2.7,0.55,18.7,,,
DESJ0116-2437,303683708,19.19494,-24.61724,2.3,0.49,18.9,,,
DESJ0116-2812,306051370,19.03047,-28.20691,2.3,0.57,19.4,,,
DESJ0117-0527,306602282,19.49477,-5.45492,3,0.57,19.4,,,
DESJ0117-2428,305408672,19.48697,-24.47351,2.3,0.6,19.6,,,
DESJ0118-6156,356474720,19.6774,-61.937,2.7,0.36,17.9,d,,
DESJ0120-1524,352509235,20.21765,-15.40024,2.7,0.14,19.8,,,
DESJ0120-1820,354176405,20.10736,-18.33381,2.7,0.56,19.7,,,
DESJ0120-5143,356634575,20.17597,-51.73141,3,0.53,18.9,a1,,
DESJ0121-2430,350999635,20.2893,-24.51592,2.3,0.46,18.6,,,
DESJ0122-3654,217857957,20.61365,-36.90738,2,0.46,18.2,,,
DESJ0122-5837,217795122,20.50437,-58.62184,2.3,0.5,19.4,a1,,
DESJ0124-0157,221584166,21.17193,-1.95944,2,0.82,20.5,,,
DESJ0124-1443,223066247,21.22109,-14.71738,2.7,0.46,18.6,,,
DESJ0124-2401,217262328,21.08599,-24.02993,2.7,0.65,19,,,
DESJ0124-2918,222540376,21.11886,-29.31561,2,0.52,19.1,,,
DESJ0124-5207,219528181,21.13009,-52.11745,3,0.89,20.7,,,
DESJ0125-3645,266734513,21.26461,-36.76638,2.7,0.77,19.5,,,
DESJ0125-4142,224929412,21.38994,-41.70499,2.7,0.58,19.7,a1,,
DESJ0126-1316,223750447,21.54952,-13.27835,2.7,0.71,20,,,
DESJ0127-4532,226005640,21.97158,-45.54274,3,0.54,19.2,,,
DESJ0129-1142,223226715,22.38341,-11.70389,2,0.4,18.7,,,
DESJ0130-1520,226417019,22.61039,-15.33691,2.7,0.63,18.9,,,
DESJ0130-1600,226454845,22.7106,-16.00237,2.3,0.67,19.3,,,
DESJ0130-3744,227384193,22.51201,-37.74938,3,0.68,18.6,d,,
DESJ0132-4707,229648634,23.20825,-47.127,2,0.65,19.2,,,
DESJ0133-1252,229855710,23.34212,-12.867,3,0.71,19.9,,,
DESJ0133-3137,231118197,23.36279,-31.61788,2,0.64,20,,,
DESJ0133-6434,231207919,23.47773,-64.57028,3,0.39,17.3,,,
DESJ0134-2007,231379862,23.51597,-20.11916,2.3,0.82,20.1,,,
DESJ0134-2910,233143229,23.56563,-29.17774,2.3,0.48,19.5,,,
DESJ0135-1724,232664847,23.8146,-17.40428,2,0.59,20.1,d,,
DESJ0135-2033,234710389,23.92831,-20.55986,3,0.6,18.6,,,
DESJ0135-4232,233214974,23.84512,-42.53987,3,0.41,18.3,a1,,
DESJ0136+0008,232681341,24.1631,0.13836,2,0.39,17.3,,,
DESJ0136-1946,234789337,24.17633,-19.76814,2,0.56,20,d,,
DESJ0136-2200,233940448,24.21191,-22.00758,2.3,0.65,19.4,,,
DESJ0137-0830,232424091,24.3285,-8.51552,2.3,0.51,19.2,,,
DESJ0138-2844,235536548,24.59567,-28.73555,3,0.44,18.6,d,,
DESJ0141-1713,250156458,25.27558,-17.22326,2.7,0.61,19,,,
DESJ0141-4040,249306554,25.39168,-40.67592,3,0.73,19.5,,,
DESJ0142-1648,250131070,25.6457,-16.80487,3,0.6,19.5,,,
DESJ0142-1831,266036534,25.7203,-18.52105,3,0.69,19,,,
DESJ0143-0850,266637953,25.86222,-8.83925,3,0.68,19.6,,,
DESJ0143-5010,252503033,25.80483,-50.17021,2,0.83,20.2,,,
DESJ0144-0007,250028514,26.01673,-0.12953,2,0.55,19,,,
DESJ0144-1142,266563942,26.13855,-11.70328,2.7,0.2,20.5,c,,
DESJ0145+0402,266307302,26.48478,4.04139,2.7,0.66,19.8,,,
DESJ0145-0455,266806536,26.26791,-4.93084,2.7,0.6,19,a20,,
DESJ0145-3541,269158080,26.44493,-35.69093,3,0.49,18.8,,,
DESJ0146-0929,267163838,26.73342,-9.49779,3,0.46,17.4,b,,
DESJ0147-1206,268993332,26.808,-12.11332,2.3,0.64,20.2,d,,
DESJ0147-4726,258039666,26.92084,-47.44452,2.3,0.47,18.8,a1,d,
DESJ0148-2251,254368847,27.13131,-22.85774,2.3,0.62,19.2,d,,
DESJ0149-1306,258360663,27.47387,-13.10269,2.7,0.78,20.1,,,
DESJ0149-1349,257546600,27.32835,-13.81795,2.7,0.84,20.3,,,
DESJ0149-1658,256687047,27.27158,-16.98188,2.3,0.63,18.6,d,,
DESJ0149-3137,257110637,27.28328,-31.6273,2.7,0.71,19.1,,,
DESJ0149-3806,254428301,27.43714,-38.11493,2.3,0.54,18.6,,,
DESJ0149-3825,255329067,27.35922,-38.4254,2.7,0.4,17.9,,,
DESJ0150-0242,258491830,27.67649,-2.7018,2,0.62,19.6,,,
DESJ0150-0304,253888373,27.53794,-3.0773,3,0.68,20.4,d,,
DESJ0150-2216,255897453,27.70849,-22.27092,2.7,0.41,18.2,d,,
DESJ0151-3237,257318192,27.95172,-32.62105,2.3,0.44,17.3,b,,
DESJ0152-5838,263627869,28.06807,-58.64509,2.3,0.48,19,,,
DESJ0153-1351,260170996,28.33026,-13.85861,2.3,0.41,19.9,,,
DESJ0154-4828,258225641,28.71909,-48.48199,2.3,0.4,17.6,,,
DESJ0156-1011,151384552,29.17803,-10.18339,2.3,0.76,19.7,,,
DESJ0156-6417,270068234,29.0112,-64.29168,2,0.7,19.6,,,
DESJ0157-5311,262725875,29.46787,-53.19866,2.3,0.78,19.1,,,
DESJ0158-0039,62581880,29.6032,-0.66649,2.7,0.6,19.1,,,
DESJ0158-1301,61814814,29.68192,-13.0258,2,0.5,18.6,,,
DESJ0158-2912,61748499,29.5639,-29.20502,2.7,0.65,18.6,d,,
DESJ0159-1856,63651238,29.78989,-18.94999,2.3,0.4,18,d,,
DESJ0159-3413,65150639,29.76662,-34.21786,2.5,0.47,17.4,b,,
DESJ0159-4317,64583005,29.87848,-43.2991,2,0.45,18.4,,,
DESJ0159-4818,67328558,29.94591,-48.30353,2.3,0.71,19.8,,,
DESJ0201-1551,63636548,30.28319,-15.85473,2.7,0.49,18.6,d,,
DESJ0201-2739,66305304,30.43611,-27.66177,3,0.88,20.6,,,
DESJ0202-2156,66995978,30.64198,-21.93967,2,0.41,18.2,b,,
DESJ0202-2445,69413913,30.5277,-24.75106,2.3,0.71,19.4,,,
DESJ0202-4105,68398953,30.62112,-41.08867,2,0.78,19.2,,,
DESJ0203-2338,67920213,30.76671,-23.63405,3,0.62,18.9,c,,
DESJ0205-0123,69436305,31.32083,-1.38902,2.7,0.69,19.6,,,
DESJ0205-0208,70123404,31.48689,-2.14297,2,0.59,19.2,a19,,
DESJ0205-3539,68181311,31.35872,-35.66317,2.7,0.45,17.7,,,
DESJ0205-4038,75249343,31.27043,-40.64118,2,0.58,19.3,a 1,,
DESJ0206-0114,69428156,31.55611,-1.23817,2.3,0.77,19.2,,,
DESJ0206-1807,74397517,31.71314,-18.12256,2.3,0.75,20.2,,,
DESJ0206-2054,78494330,31.59147,-20.90561,2.3,0.62,19.4,,,
DESJ0207-2726,79306856,31.77773,-27.44577,2.7,0.42,17.3,c,,
DESJ0209-0643,77958138,32.37218,-6.71994,2,0.42,18.3,a5,,
DESJ0210-0119,87141292,32.70906,-1.31827,2,0.67,20,d,,
DESJ0210-5351,87591843,32.65344,-53.8646,2.7,0.51,19.7,,,
DESJ0212-0852,90442652,33.10507,-8.86967,2.7,0.69,19.5,a6,,
DESJ0214-0206,92012386,33.53333,-2.10789,2,0.67,19.3,,,
DESJ0215-2909,152641072,33.80953,-29.15711,2.7,0.7,19.9,,,
DESJ0216-2920,100388067,34.12915,-29.3352,2,0.55,19.9,,,
DESJ0217-0513,101828110,34.40483,-5.22483,2.7,0.55,19.7,"a7,8,22",,d
DESJ0220-3833,111920425,35.24032,-38.55092,3,0.42,17.6,c,,
DESJ0220-4530,113247709,35.17619,-45.50086,2.3,0.86,20.1,,,
DESJ0220-5335,109454820,35.05973,-53.58636,2.3,0.79,20.1,,,
DESJ0221-0210,112068778,35.41721,-2.1723,2.3,0.57,19.6,a19,,
DESJ0225-0737,118955435,36.44218,-7.62732,2.3,0.58,18.6,a7,d,
DESJ0225-1505,116423633,36.44888,-15.0922,2.3,0.67,19.3,,,
DESJ0226+0206,117170717,36.62452,2.11304,2,0.6,20.2,d,,
DESJ0227-4718,118887468,36.78734,-47.3155,3,0.68,18.6,,,
DESJ0228-5547,131561232,37.18616,-55.79889,2,0.47,18,d,,
DESJ0229-0338,121270216,37.37707,-3.64339,2,0.64,19.4,a19,,
DESJ0229-2908,128509254,37.37911,-29.13786,3,0.87,20,,,
DESJ0230-3122,133666062,37.56991,-31.36689,2.3,0.48,19.2,,,
DESJ0232+0013,129621911,38.04683,0.22756,2.3,0.81,20,d,,
DESJ0232-0323,130346208,38.20774,-3.39054,3,0.47,18,"ac 1,4",,
DESJ0233-0438,306380750,38.27943,-4.64393,2,0.58,19.6,"a 8,22",,
DESJ0234-6222,308603002,38.64655,-62.3818,2.3,0.64,19.5,,,
DESJ0235-4510,311169228,38.77465,-45.18173,2,0.69,19.9,,,
DESJ0235-4818,308226924,38.86317,-48.30583,2,0.47,19.6,,,
DESJ0236+0321,311007100,39.20024,3.35832,2,0.41,19.2,,,
DESJ0236-5121,358035059,39.00938,-51.36216,2.3,0.84,19.4,a1,d,
DESJ0237-0913,310489076,39.36384,-9.21903,2.7,0.82,20.2,,,
DESJ0237-1801,311649867,39.43907,-18.01724,2.7,0.71,20,,,
DESJ0239-0134,313249545,39.97131,-1.58221,3,0.44,17.4,ac 9,,
DESJ0239-2047,314286307,39.77696,-20.78834,2.7,0.64,19,,,
DESJ0239-3211,312045408,39.8736,-32.19155,3,0.43,18.8,,,
DESJ0239-4620,315501070,39.93357,-46.34466,2.7,0.4,17.2,,,
DESJ0241-4115,316978966,40.27731,-41.25195,3,0.77,20.4,,,
DESJ0241-5949,315606461,40.37339,-59.8258,2,0.58,19.9,,,
DESJ0242-0207,317586407,40.56738,-2.13037,2.7,0.57,19.8,,,
DESJ0242-2943,315970445,40.62048,-29.71815,2.7,0.47,18.6,,,
DESJ0242-4811,318896675,40.68463,-48.19355,2.3,0.48,19.1,,,
DESJ0243-0006,316036876,40.76267,-0.10005,2.7,0.45,17.7,c,,
DESJ0243-2142,316505122,40.86666,-21.70053,2.3,0.59,19.4,,,
DESJ0244-0008,322334792,41.17054,-0.14366,2.3,0.52,19.4,,,
DESJ0244-3019,318630744,41.20595,-30.32132,2.7,0.67,19.5,,,
DESJ0245-5129,322546320,41.46421,-51.4975,2.7,0.68,18.8,a1,d,
DESJ0245-5301,320239802,41.35337,-53.02927,2.7,0.39,17.2,,,
DESJ0247-3750,320382487,41.80879,-37.83504,2.3,0.39,17.9,d,,
DESJ0247-4432,320576771,41.75052,-44.5364,2,0.74,18.7,,,
DESJ0247-5917,323527567,41.77716,-59.29213,2.7,0.41,17.5,a1,d,
DESJ0248-0331,323148175,42.01411,-3.52913,3,0.38,15.6,b,,
DESJ0248-3955,320189990,42.03972,-39.93008,3,0.66,19.1,c,,
DESJ0248-6054,322703225,42.24005,-60.90097,2.7,0.56,19.2,,,
DESJ0249-5056,324524229,42.49448,-50.94399,2.3,0.6,19.9,,,
DESJ0250-1610,324211306,42.71571,-16.16883,2.3,0.4,17.7,,,
DESJ0250-1811,323759326,42.61404,-18.19468,2,0.67,19.9,,,
DESJ0250-2545,325876415,42.58849,-25.75382,2.3,0.65,19.6,,,
DESJ0250-5524,331348861,42.71781,-55.40325,3,0.75,19.6,,,
DESJ0251-0613,324179816,42.93427,-6.22482,2.7,0.42,17.4,,,
DESJ0251-1220,325171876,42.89705,-12.33367,3,0.46,18.1,d,,
DESJ0252-2145,325350854,43.18031,-21.75937,2.3,0.45,18.7,,,
DESJ0252-4732,325184579,43.08284,-47.54382,2.3,0.49,18.4,a1,d,
DESJ0253-1239,332638388,43.37844,-12.65088,2.7,0.68,19.8,,,
DESJ0253-2050,326901259,43.41658,-20.8375,2,0.58,18.8,,,
DESJ0253-3547,328771437,43.39711,-35.79207,2.7,0.66,19.8,,,
DESJ0256-1215,350492611,44.01502,-12.25496,2.7,0.49,18.1,,,
DESJ0256-2707,333129437,44.09736,-27.12183,3,0.76,20.1,,,
DESJ0259-0804,332519880,44.95084,-8.07945,2.3,0.57,19,,,
DESJ0259-1521,335268116,44.80894,-15.36354,2.7,0.44,18,,,
DESJ0259-5206,337550755,44.85811,-52.11193,2.3,0.57,17.8,d,,
DESJ0300-5001,335766992,45.09019,-50.02469,3,0.53,18.4,a1,,
DESJ0300-5144,337527643,45.13631,-51.74562,3,0.61,18.4,a1,,
DESJ0301-4426,337812631,45.4638,-44.44055,2.3,0.76,20.2,,,
DESJ0302-2137,336668432,45.59119,-21.63207,2.7,0.48,18.7,,,
DESJ0303-4626,341691067,45.9507,-46.44066,2.7,1.37,20.7,a1,,
DESJ0303-5023,338494005,45.96811,-50.39776,2,0.64,19.7,,,
DESJ0304-4921,341631765,46.06729,-49.35725,3,0.34,17.5,"b1,2",,
DESJ0304-5846,341516834,46.15722,-58.77995,2.3,0.73,19.9,,,
DESJ0305-1024,341195944,46.27306,-10.40325,2,0.75,20.1,d,,
DESJ0305-1636,337847674,46.31967,-16.60365,2.3,0.6,18.9,d,,
DESJ0306-2304,342445367,46.69704,-23.07635,2.3,0.52,19,,,
DESJ0307-1811,342297166,46.93881,-18.18558,2,0.26,20.9,,,
DESJ0307-5042,344560939,46.96054,-50.70122,2.3,0.59,18.4,"b1,2",,
DESJ0307-6241,341257301,46.87411,-62.68482,2,0.48,18.1,,,
DESJ0308-2106,343364859,47.2,-21.10386,3,0.76,20.2,d,,
DESJ0309-1332,342860023,47.33215,-13.53674,2,0.59,19.8,d,,
DESJ0309-1437,343011680,47.43782,-14.62114,2.7,0.79,20.2,a11,,
DESJ0309-3805,343290165,47.33576,-38.09604,2.7,0.62,18.9,,,
DESJ0309-6239,328377991,47.32498,-62.66179,2.3,0.44,18.7,,,
DESJ0310-0903,342955143,47.52242,-9.05404,2,0.61,19.4,,,
DESJ0310-4647,345606854,47.63526,-46.78398,2.7,0.71,19.1,"b1,2",,
DESJ0311-2601,329906936,47.77324,-26.01778,2.7,0.94,20.5,,,
DESJ0311-4232,340768337,47.86322,-42.53863,2.7,0.37,17.5,,,
DESJ0313-2006,327373298,48.29103,-20.10875,2.3,0.8,19.8,,,
DESJ0313-3610,382872932,48.40598,-36.17775,3,0.4,20.5,d,,
DESJ0314-2127,382406538,48.64811,-21.46665,2.3,0.45,17.8,d,,
DESJ0314-2841,339342483,48.57753,-28.69899,2.3,0.54,19.1,,,
DESJ0315-6220,348227502,48.93026,-62.34321,2,0.51,19.1,,,
DESJ0316-2236,346057868,49.16179,-22.60925,3,0.79,19.6,,,
DESJ0317-2118,347820479,49.42391,-21.30499,2.7,0.48,18.1,d,,
DESJ0317-2625,349590200,49.29261,-26.42107,2,0.76,20.3,,,
DESJ0318-1942,348794656,49.62499,-19.70766,2,0.64,19.4,,,
DESJ0319-1734,351516752,49.92199,-17.5679,3,0.68,20.1,,,
DESJ0319-4759,354488458,49.99213,-47.98763,2,0.48,19.3,,,
DESJ0319-5318,348242739,49.75905,-53.30547,2,0.43,17.7,a1,,
DESJ0319-5751,354864135,49.90701,-57.85219,2.7,0.54,19.2,,,
DESJ0320-1624,352008867,50.15414,-16.40618,3,0.59,19.6,,,
DESJ0320-3119,355312277,50.06689,-31.32149,2,0.75,19.5,,,
DESJ0320-4159,349979646,50.11682,-41.98881,2.7,0.66,19.1,,,
DESJ0321-1530,353748149,50.3566,-15.50098,2.7,0.62,19.5,,,
DESJ0322-2339,355712108,50.67685,-23.66524,2.3,0.54,19.4,,,
DESJ0322-3946,358893159,50.71632,-39.76936,2.7,0.85,20.3,,,
DESJ0322-4224,358251063,50.59429,-42.40605,2.3,0.57,19.3,,,
DESJ0322-5234,359440586,50.56837,-52.5779,3,0.46,18,a1,,
DESJ0324-3556,359347789,51.02925,-35.93638,2,0.38,17.6,,,
DESJ0326-4812,362343856,51.51215,-48.20995,2,0.43,17.7,d,,
DESJ0326-5645,361461421,51.62299,-56.7617,2.7,0.68,20.2,a1,,
DESJ0327-1326,360253469,51.86318,-13.43961,3,0.56,19,b,,
DESJ0327-3246,361760653,51.79729,-32.77616,2.7,0.65,19,,,
DESJ0328-2140,362669813,52.0566,-21.67208,2.3,0.59,18.2,b,,
DESJ0328-3833,361724422,52.24989,-38.55273,2.3,0.41,18.3,,,
DESJ0328-4029,363968737,52.00516,-40.49922,2,0.51,19.2,,,
DESJ0329-5656,361472987,52.26624,-56.94944,2.7,0.4,17.3,,,
DESJ0330-2127,362656939,52.62838,-21.45315,2,0.72,20,d,,
DESJ0330-5228,368913139,52.73718,-52.47028,2.5,0.46,17.7,"b1,2",,
DESJ0332-1325,365125003,53.01064,-13.4195,2.3,0.64,20.2,d,,
DESJ0333-1440,366164591,53.4832,-14.66914,2.2,0.53,18.5,b,,
DESJ0333-1837,366216886,53.41061,-18.61902,2,0.26,20.2,,,
DESJ0334-1838,366217976,53.74324,-18.64403,2.7,0.51,19.1,,,
DESJ0334-2634,367701604,53.74703,-26.57546,2,0.44,17.7,d,,
DESJ0334-4817,367248708,53.54557,-48.28704,2,0.5,18.3,a1,,
DESJ0334-4940,368398173,53.58416,-49.67789,2,0.66,19.1,,,
DESJ0334-6034,368841941,53.74437,-60.58056,2.3,0.58,18.3,,,
DESJ0336-2021,367624957,54.17408,-20.3531,2,0.65,19.6,b,,
DESJ0336-3812,368270048,54.11897,-38.20245,2,0.45,18.6,,,
DESJ0337-3152,370414914,54.32183,-31.87043,3,0.47,18.6,,,
DESJ0338-1619,371619216,54.69029,-16.32305,2.7,0.7,19.7,,,
DESJ0339-5830,370944473,54.77706,-58.50469,2.3,0.36,17.2,,,
DESJ0340-2533,374318639,55.08904,-25.55837,2.7,0.67,19.5,d,,
DESJ0341-5130,374811766,55.37833,-51.51241,2.7,0.42,19,a1,,
DESJ0342-5355,374878192,55.5192,-53.92059,3,0.63,18.4,a1,d,
DESJ0344-4447,378734502,56.14624,-44.79555,3,0.81,20.1,,,
DESJ0345-2459,378104707,56.3664,-24.98848,3,0.47,19.3,,,
DESJ0347-2454,378100572,56.93556,-24.90874,3,0.57,19.2,,,
DESJ0347-3158,424959030,56.95311,-31.98063,2.3,0.38,17.5,d,,
DESJ0347-3647,380333963,56.93924,-36.79364,2.3,0.61,19.2,,,
DESJ0347-4535,379955716,56.80535,-45.585,3,0.66,19,a1,,
DESJ0348-1306,379862967,57.14437,-13.11303,2,0.59,18.4,d,,
DESJ0348-2145,379404679,57.00965,-21.75082,3,0.43,17.2,,,
DESJ0348-2655,379292496,57.02437,-26.92048,2,0.37,17.6,,,
DESJ0349-1500,382692058,57.45008,-15.00234,2.3,0.37,17.3,,,
DESJ0349-4857,380145919,57.33127,-48.95926,3,0.65,18.8,a1,,
DESJ0350-4824,381150466,57.70236,-48.40619,2.3,0.78,20.1,,,
DESJ0352-3825,385542120,58.1767,-38.42915,3,0.54,18.4,,,
DESJ0353-1706,386508843,58.44268,-17.1109,3,0.6,19.2,,,
DESJ0354-1609,386476783,58.57614,-16.1645,2.7,0.63,18.7,,,
DESJ0354-2420,386408997,58.69798,-24.33749,3,0.66,19.5,,,
DESJ0356-1457,386858139,59.21895,-14.96632,2.3,0.55,19.4,,,
DESJ0356-2408,386397276,59.20438,-24.14476,3,0.48,18.7,,,
DESJ0356-5607,392535235,59.026,-56.12484,2,0.48,17.6,d,,
DESJ0357-5810,482065451,59.40346,-58.18149,2.7,0.61,18.5,a1,,
DESJ0357-5951,386543661,59.33565,-59.86512,2.3,0.58,19.3,,,
DESJ0358-2950,387200923,59.53509,-29.84965,2,0.4,18.3,,,
DESJ0402-2205,484107721,60.5238,-22.09897,3,0.49,19.3,d,,
DESJ0402-5258,482528109,60.73983,-52.97845,2,0.87,20.5,a1,,
DESJ0403-1512,486502907,60.80335,-15.21602,2,0.65,19.9,,,
DESJ0403-5432,488465172,60.84466,-54.54363,3,0.75,19.7,,,
DESJ0406-2646,484389531,61.60206,-26.77362,3,1.54,20.3,,,
DESJ0407-5713,389992748,61.81508,-57.21756,2.7,0.4,17.8,d,,
DESJ0408-5354,488067795,62.09132,-53.90026,2.7,0.04,19.5,"a1,12",,
DESJ0410-3037,406431056,62.55545,-30.62385,2,0.73,19.8,,,
DESJ0411-2256,398879866,62.7834,-22.94312,2.3,0.57,19.8,,,
DESJ0411-3144,397635797,62.95688,-31.74853,2.7,0.78,20.3,,,
DESJ0411-4819,400940211,62.79569,-48.32768,2.7,0.46,17.7,"ac1,13",,
DESJ0411-5107,403494207,62.92814,-51.12636,2.3,0.48,17.8,,,
DESJ0412-1954,401080659,63.16191,-19.90303,2.7,0.64,19.5,c,,
DESJ0412-2646,402142279,63.17877,-26.77565,2.3,0.43,17.1,,,
DESJ0413-2344,400295190,63.42129,-23.73947,2,0.71,19.4,,,
DESJ0415-4012,398187423,63.91078,-40.20893,2,0.55,19.7,,,
DESJ0415-4143,402556287,63.93554,-41.72949,2.3,0.75,19.2,d,,
DESJ0416-5525,496377974,64.18671,-55.41675,2.7,0.43,17.6,a1,d,
DESJ0416-5908,401596916,64.16482,-59.14804,2.3,0.53,19.1,,,
DESJ0418-5457,406587770,64.54117,-54.95973,2.7,0.53,19.6,a1,,
DESJ0418-6125,496621301,64.60748,-61.42413,2.3,0.38,17.5,,,
DESJ0419-2959,495663192,64.77709,-29.99383,2,0.91,20.3,,,
DESJ0420-5422,498547848,65.1782,-54.37706,2,0.73,19.8,,,
DESJ0422-2132,496451011,65.5759,-21.54608,3,0.64,19.3,,,
DESJ0422-4031,498968361,65.60553,-40.53217,3,0.41,17.9,d,,
DESJ0424-3317,498603518,66.16119,-33.29491,3,0.62,18.2,c,,
DESJ0428-3218,499443386,67.06771,-32.30001,2.3,0.71,19.4,,,
DESJ0429-2243,469427390,67.37815,-22.73322,2.3,0.66,19.6,,,
DESJ0429-2826,505469261,67.28763,-28.438,2,0.47,18.5,,,
DESJ0429-6011,470193950,67.39444,-60.19064,2.3,1.06,20.2,,,
DESJ0430-2051,469242961,67.59246,-20.85277,2,0.62,19.5,,,
DESJ0431-4317,505813589,67.92345,-43.29463,2,0.55,19.5,,,
DESJ0431-5422,469937250,67.8459,-54.37902,2.3,0.55,19.3,,,
DESJ0433-2714,469726289,68.26475,-27.23982,2.7,0.53,19.6,,,
DESJ0433-4456,470414267,68.45305,-44.93493,2,0.6,19.6,,,
DESJ0437-5136,508636686,69.45059,-51.60777,2.3,0.59,19.6,,,
DESJ0437-6428,490781756,69.3146,-64.47504,2.3,0.44,17.8,,,
DESJ0437-6502,497809494,69.48652,-65.03786,2.3,0.63,18.7,,,
DESJ0438-3228,490038071,69.52573,-32.48116,2,0.4,17.3,,,
DESJ0441-4314,496058773,70.37184,-43.23723,2.7,0.51,19.3,,,
DESJ0442-2920,495043677,70.62357,-29.34467,2.3,0.57,19.3,,,
DESJ0442-6257,506943132,70.7037,-62.95143,2,0.45,19.7,d,,
DESJ0443-2026,497282912,70.79929,-20.44658,2.7,0.66,19.2,,,
DESJ0443-6228,506890546,70.93285,-62.46824,2.3,0.65,19.9,,,
DESJ0446-2001,503213475,71.56238,-20.02854,2.3,0.43,18.4,d,,
DESJ0446-2714,503055747,71.6667,-27.24653,2.3,0.63,18.9,,,
DESJ0448-5807,503582193,72.02201,-58.12258,3,0.42,18.3,a1,,
DESJ0449-2918,479366135,72.28966,-29.30456,2,0.6,18.6,,,
DESJ0450-5715,481189495,72.5367,-57.25556,3,0.42,17.9,a1,,
DESJ0452-3540,486595893,73.12391,-35.67423,2,0.61,19.1,,,
DESJ0453-5535,487409539,73.38443,-55.59106,2,0.36,17.6,,,
DESJ0454-6234,408367693,73.68189,-62.56679,2.7,0.64,20,,,
DESJ0455-2530,397694347,73.90302,-25.5128,2.7,0.44,17.7,b,,
DESJ0456-2946,398369563,74.1654,-29.77272,2.7,0.46,18.5,,,
DESJ0457-3549,394429819,74.39074,-35.83147,2,0.69,19.5,d,,
DESJ0457-4115,394973892,74.4219,-41.25687,2,0.5,18.8,d,,
DESJ0457-4331,399018963,74.46276,-43.52617,2.7,0.78,19.7,,,
DESJ0458-4045,394868723,74.69941,-40.75106,2,0.49,19.1,,,
DESJ0459-2045,395472372,74.7561,-20.75189,2.7,0.68,19.4,,,
DESJ0501-5054,397556846,75.2778,-50.91315,2.7,0.53,19.5,,,
DESJ0502-5828,409607810,75.6642,-58.47481,2.7,0.43,18.6,,,
DESJ0503-3553,405612468,75.7699,-35.8852,2.7,0.68,19.2,,,
DESJ0504-3548,405607557,76.07334,-35.8017,2,0.73,19.6,,,
DESJ0505-4611,410418835,76.26967,-46.19931,2,0.63,19.4,,,
DESJ0505-6149,412242213,76.44598,-61.83072,2.3,0.77,20,,,
DESJ0506-2049,412357300,76.50219,-20.8168,2.3,0.61,19.5,,,
DESJ0506-4220,412598534,76.73095,-42.34575,2.7,0.43,18,d,,
DESJ0507-5348,412809087,76.94602,-53.81148,2,0.44,18.2,d,,
DESJ0508-2144,413900270,77.20527,-21.74187,2.7,0.73,18.9,d,,
DESJ0508-2746,414408351,77.17749,-27.77706,2.7,0.7,20.1,,,
DESJ0509-5342,412802769,77.33914,-53.70351,2.5,0.45,18.3,"b1,2",,
DESJ0510-3232,415264664,77.55331,-32.53492,2.7,0.51,18.5,,,
DESJ0510-5637,416330172,77.5549,-56.63171,2.7,0.56,19,a1,,
DESJ0511-3134,413601266,77.82017,-31.5756,2.3,0.84,19.6,,,
DESJ0512-5041,414671694,78.00324,-50.68968,2.7,0.8,20.4,,,
DESJ0513-3847,415684203,78.25092,-38.79534,3,0.42,17.2,,,
DESJ0514-5456,423087260,78.53033,-54.94835,2,0.89,20.2,,,
DESJ0516-2208,421153300,79.01322,-22.14642,2,0.74,18.9,,,
DESJ0516-4416,425110323,79.17349,-44.27903,2.7,0.7,19.9,,,
DESJ0522-6036,432182051,80.58806,-60.60666,2.7,0.38,17,,,
DESJ0524-2721,495171666,81.09859,-27.35316,2.3,0.38,17.3,,,
DESJ0525-4424,431878468,81.36681,-44.40375,2.3,0.54,19.2,a1,,
DESJ0528-3811,434441869,82.13907,-38.19495,2,0.66,19.8,,,
DESJ0530-6109,437004264,82.51363,-61.1618,2,0.5,19.4,,,
DESJ0531-3158,435151688,82.92694,-31.98092,2,0.56,18.7,,,
DESJ0533-2536,436520077,83.45553,-25.61511,3,0.71,19.8,,,
DESJ0534-5347,476312399,83.68678,-53.78785,2.7,0.46,18.4,,,
DESJ0536-5338,441387666,84.02185,-53.64641,2.7,0.75,19.6,a,,
DESJ0537-4647,440192267,84.35163,-46.78401,2,0.41,18,,,
DESJ0537-4711,442349695,84.44091,-47.18897,2.3,0.45,17.4,a1,,
DESJ0538-4735,440626159,84.51923,-47.58715,3,0.64,19.5,a1,,
DESJ0542-5949,446496955,85.60111,-59.83305,2.3,0.82,20,,,
DESJ0543-3034,443691408,85.99182,-30.58041,2.3,0.46,18.6,,,
DESJ0543-3752,443873820,85.75861,-37.87701,2.3,0.54,19.3,d,,
DESJ0546-2000,445925268,86.52108,-20.00709,2.3,0.68,18.9,,,
DESJ0546-3329,446691881,86.61455,-33.48964,2.3,0.46,18.5,d,,
DESJ0553-2853,455705762,88.29686,-28.89357,2,0.73,19.8,,,
DESJ0554-2238,460703862,88.60108,-22.63505,2,0.45,20.1,b,,
DESJ0557-4159,448420913,89.39342,-41.9973,2.7,0.58,19.9,d,,
DESJ0559-3540,449284676,89.95629,-35.67013,2,0.69,19.9,,,
DESJ0602-4524,454651910,90.69522,-45.412,3,0.53,18.6,a1,d,
DESJ0612-3920,461287032,93.11443,-39.34343,2,0.51,19.1,,,
DESJ0613-5552,464163629,93.30138,-55.87347,2.7,0.81,20.4,,,
DESJ0620-5628,467246294,95.07919,-56.48287,2.7,0.61,19.4,,,
DESJ0624-4709,467288040,96.06586,-47.16168,2.7,0.84,19.9,d,,
DESJ0625-4526,466018111,96.25055,-45.43576,2.7,0.6,18.9,a1,,
DESJ0626-5730,467900153,96.59632,-57.50837,2.7,0.72,18.8,,,
DESJ0628-5023,467004961,97.03929,-50.39994,2,0.44,18.1,,,
DESJ2014-5757,166130477,303.58076,-57.95041,3,0.8,20,d,,
DESJ2025-4204,166736956,306.32627,-42.08248,2,0.71,20.2,b,,
DESJ2028-5231,170303276,307.23246,-52.52177,3,0.66,19.7,,,
DESJ2039-5459,174184226,309.79778,-54.99594,2.7,0.17,21,a 1,,
DESJ2045-6344,218602325,311.29752,-63.74792,2,0.48,17.9,,,
DESJ2051-6450,179178262,312.99332,-64.84365,2,0.62,20,,,
DESJ2053-5046,242818860,313.28612,-50.78121,2.3,0.7,20.7,d,,
DESJ2056-4238,186351000,314.0659,-42.64923,2.7,0.71,20.4,,,
DESJ2101-5629,236804532,315.25851,-56.49656,2,0.41,18.7,,,
DESJ2105-4934,187548006,316.27045,-49.57829,2,0.51,18.2,,,
DESJ2106-4411,188387027,316.52989,-44.19821,2.7,0.46,18.5,d,,
DESJ2106-5402,184661871,316.6479,-54.04109,2,0.42,17.8,d,,
DESJ2110-5639,185701755,317.52247,-56.65849,2.7,0.59,18.3,a1,d,
DESJ2112+0009,188723770,318.17974,0.15577,2.7,0.59,18.4,,,
DESJ2113-0114,192966022,318.48453,-1.24069,2.7,0.53,18.9,a1,,
DESJ2116-5947,193746022,319.11382,-59.78382,3,0.48,17.8,,,
DESJ2117-0056,196646767,319.3483,-0.94774,2.3,0.53,17.8,d,,
DESJ2118-4317,193632443,319.60728,-43.29433,2.3,0.51,19.2,,,
DESJ2119-0009,195317995,319.83958,-0.16294,2.3,0.54,20,,,
DESJ2122-4250,196144920,320.55153,-42.84999,2,0.62,19.1,,,
DESJ2124-4128,197645134,321.19662,-41.47104,2.3,0.63,19,d,,
DESJ2125-6504,191159999,321.30012,-65.07408,3,0.78,19.4,d,,
DESJ2126-0058,199596977,321.7131,-0.97425,2,0.6,19.6,,,
DESJ2127-5149,198186510,321.77933,-51.83083,3,0.77,19.3,a1,d,
DESJ2130+0159,198514358,322.69589,1.99907,2.3,0.69,19.6,,,
DESJ2131-4019,203401336,322.77049,-40.32251,2.2,0.45,17.7,b,,
DESJ2131-4655,204721418,322.98474,-46.92895,2,0.71,19.7,,,
DESJ2132-4305,200096605,323.07334,-43.09307,2,0.5,18.7,,,
DESJ2137-0129,208765710,324.49176,-1.48996,2.7,0.41,18.2,,,
DESJ2139-4251A,244329751,324.7802,-42.86152,2.3,0.46,19.5,b,,
DESJ2140-0149,207661829,325.21674,-1.82716,2.3,0.67,19.2,,,
DESJ2140-4207,212627230,325.02644,-42.12956,2.7,0.56,19.4,,,
DESJ2144-4149,242604259,326.22656,-41.83128,2,0.37,17.2,,,
DESJ2145-4306,214625101,326.44328,-43.1137,2,0.51,18.9,,,
DESJ2149-0012,215694905,327.3138,-0.21431,2,0.64,18,a1,,
DESJ2152-5250,243367339,328.22047,-52.835,2.3,0.65,19.1,,,
DESJ2159-4307,245879871,329.77985,-43.12946,2.2,0.39,16.2,b,,
DESJ2200-4128,247210752,330.18545,-41.47227,2.3,0.56,19.8,a 2,,
DESJ2201-6047,247165409,330.27719,-60.78407,2.3,0.48,18.1,d,,
DESJ2203-6408,70905032,330.89934,-64.13907,2.3,0.69,19.4,,,
DESJ2211-5438,76343894,332.98655,-54.64442,2.3,0.64,19.3,,,
DESJ2212-4128,75848635,333.02475,-41.47315,2,0.37,18,,,
DESJ2215-0138,75042870,333.96727,-1.63723,2,0.65,19,d,,
DESJ2216-4419,76102671,334.15922,-44.32216,2.7,0.63,18.2,,,
DESJ2218-4504,75469120,334.74019,-45.07379,2.3,0.65,18.9,,,
DESJ2219-4348,80103224,334.80166,-43.80975,3,0.71,19.1,,,
DESJ2219-4504,75469581,334.80513,-45.08072,2,0.72,19.5,,,
DESJ2220-5949,80012526,335.21651,-59.82418,2,0.55,19.4,,,
DESJ2226+0041,82782545,336.53876,0.69504,2.7,0.74,19.4,"a 1,19",,
DESJ2226-4636,84960890,336.62064,-46.60151,2.3,0.48,18.4,,,
DESJ2228-4650,83291276,337.14677,-46.83995,2,0.37,19.9,b,,
DESJ2232-5959,84477903,338.14086,-59.9981,2,0.65,18.5,a2,,
DESJ2234-4110,88791681,338.58932,-41.17777,2.7,0.47,18.8,,,
DESJ2238-4317,96933817,339.71254,-43.29173,2.3,0.65,19.4,,,
DESJ2245-5017,100785152,341.26572,-50.29037,3,0.5,19.8,,,
DESJ2248-0123,98187103,342.15155,-1.39278,2.3,0.65,18.5,d,,
DESJ2248-4431,100664389,342.18318,-44.5308,2.7,0.27,16.7,"b1,2",,
DESJ2254-4055,104947647,343.5127,-40.93031,2.7,0.66,19.2,a 1,,
DESJ2255-4123,104511812,343.77631,-41.38895,2,0.67,19.2,,,
DESJ2259-4504,106557886,344.97848,-45.08013,2,0.52,19.1,,,
DESJ2300-4454,106547800,345.01328,-44.90647,2,0.5,19.4,,,
DESJ2301-6501,109542319,345.40177,-65.03269,2,0.6,19.8,,,
DESJ2303-5115,127551471,345.76962,-51.2505,2.7,0.53,18.2,,,
DESJ2305-0002,112454911,346.34025,-0.03655,3,0.51,19,a22,,
DESJ2305-4441,112637264,346.36599,-44.69629,2.3,0.59,19.1,d,,
DESJ2308-0211,113660691,347.09255,-2.19214,2.3,0.42,16.7,b16,,
DESJ2308-0212,113661583,347.10308,-2.20378,2.3,0.43,17.2,b16,,
DESJ2311-4546,124310010,347.79872,-45.78281,2.3,0.59,19,,,
DESJ2312-4754,122895085,348.00185,-47.90321,2,0.63,19.7,,,
DESJ2321-4630,126963595,350.36821,-46.51371,3,0.64,18.8,ac 1,,
DESJ2322-6409,129115213,350.68261,-64.16565,3,0.41,17.5,d,,
DESJ2323-0030,126557178,350.94191,-0.51056,2,0.85,20.4,,,
DESJ2325-0052,131224001,351.48903,-0.87407,2.3,0.73,20,,,
DESJ2325-4111,130067409,351.29546,-41.19026,2.7,1.43,100,"b1,2",,
DESJ2329-5328,135432654,352.48378,-53.47715,2,0.51,19,d,,
DESJ2331+0037,135139282,352.87703,0.62594,2,0.52,19.4,a22,d,
DESJ2334-5715,136894134,353.70143,-57.25099,2,0.47,18.5,,,
DESJ2334-6404,136837812,353.74665,-64.0686,3,0.72,19.5,,,
DESJ2335-5152,137085303,353.96636,-51.87161,3,0.61,18.8,a 1,,
DESJ2336-5352,137565894,354.02969,-53.87662,2,0.5,18.1,"a 1,17",,
DESJ2337-4730,137735570,354.39475,-47.50669,2.7,0.52,19.6,d,,
DESJ2345-4126,158856314,356.25481,-41.43636,2,0.65,19.7,,,
DESJ2349-5113,214800683,357.37523,-51.22751,3,0.48,17.5,a 1,,
DESJ2351-5452,164741263,357.90859,-54.88168,3,0.43,17.3,"a1,14,18",,
DESJ2355-6136,169555789,358.82982,-61.61029,2.7,0.53,18.9,,,
DESJ2357-5710,175719968,359.32342,-57.17383,2.3,0.56,19.4,,,
DESJ2358-5440,283922617,359.52065,-54.67623,2,0.44,20.6,,,
DESJ2358-5638,184225540,359.69297,-56.6472,2.3,0.63,19.6,d,,
DESJ2359-5538,284516950,359.759,-55.63496,2,0.73,19.9,d,,
